id_number,id_type,name,phone,email,address,region,postalZip,country,age
30104834-3,TI,Xyla Tyson,(823) 874-8104,nonummy.ultricies.ornare@icloud.org,"P.O. Box 425, 9537 Netus Av.",East Region,381374,Turkey,
5077544-5,PS,Kato Drake,(542) 777-9878,nisi.mauris@outlook.edu,Ap #127-1331 Justo St.,Valparaíso,38587,Sweden,47
3712955-0,PS,Audrey Travis,1-737-158-5417,ac.risus@aol.net,499-8818 Pharetra Road,Warmińsko-mazurskie,243550,Australia,38
2334423-8,NIT,Haviva Stein,(556) 725-3349,velit.aliquam.nisl@aol.ca,Ap #459-7076 Penatibus St.,Khánh Hòa,1381,South Korea,44
14217451-0,X,Lewis Hutchinson,(877) 532-5692,aliquet.sem@icloud.edu,Ap #505-2595 Nunc Ave,Stockholms län,48878,Indonesia,56
3332214-K,NIT,Gloria Holman,1-546-865-0944,amet@outlook.ca,"Ap #538-6846 Amet, Ave",Antofagasta,593557,Philippines,52
3889691-1,TI,Amaya Mendoza,1-439-250-7726,aenean.eget@outlook.net,574-5920 Amet Rd.,Pomorskie,155712,Brazil,39
27365373-2,X,Jessamine Oliver,(708) 286-5132,porttitor.vulputate.posuere@aol.ca,653-5194 Tempus St.,Vĩnh Phúc,50051-63445,Colombia,35
28853420-9,PS,Walker Moss,1-246-328-0792,molestie@icloud.com,"465-5889 Egestas, St.",Stockholms län,79H 2W6,Vietnam,36
16181524-1,TI,Shelley Lee,1-649-668-3361,eu.nibh.vulputate@aol.ca,354-5084 Quisque Street,West Sulawesi,25067-67722,Peru,28
20615262-1,PS,Emerald Wilkins,1-831-648-7194,nulla.vulputate.dui@outlook.edu,151-8525 Phasellus Ave,Alsace,525268,Vietnam,34
652455-9,NIT,Myra Sutton,1-145-211-7245,tellus@yahoo.org,Ap #811-750 Ac Street,Vinnytsia oblast,26843,United States,25
301267-0,CC,Henry Holder,1-738-487-0421,eu.eleifend.nec@google.ca,"627-844 Ornare, Ave",Bicol Region,13322,Mexico,38
19513120-1,X,Channing Tate,(228) 973-7354,aliquam.nisl@aol.couk,Ap #195-2743 Est. Street,North Chungcheong,1645,Australia,29
25160954-3,TI,Kelly Cabrera,(422) 929-7870,est.mollis@aol.edu,"P.O. Box 300, 7579 Vitae, Ave",Utrecht,954362,Australia,58
48143236-7,PS,Nero Gordon,1-761-618-5955,nisl.maecenas@icloud.ca,617-7258 Orci Av.,Queensland,73584,Netherlands,53
35890521-8,NIT,Emerald Fry,1-334-561-5783,augue.eu.tellus@outlook.ca,434-3065 Suspendisse Street,Norte de Santander,80144,Belgium,
35493352-J,CC,Whilemina Baird,1-800-287-5343,auctor@icloud.com,121-4643 Proin Rd.,Baden Württemberg,25-470,Indonesia,
43137208-8,TI,Benjamin Ford,(940) 701-5516,diam@hotmail.ca,284-2814 Sem Rd.,Oost-Vlaanderen,6937 JV,Canada,23
427686-8,PS,Steel Bishop,(728) 203-8234,vulputate.posuere@protonmail.net,"P.O. Box 728, 8491 Odio Road",Morelos,74675,Belgium,36
2344664-2,PS,Evelyn O'connor,1-363-880-1127,vestibulum.ante.ipsum@icloud.edu,373-5016 Donec Road,Gävleborgs län,81-418,Chile,35
37814702-6,NIT,Jayme Vargas,1-229-863-4323,lacinia@yahoo.edu,Ap #635-7981 Nulla Ave,Extremadura,72576,Indonesia,19
37726569-6,NIT,Cooper Wong,(496) 854-1663,proin.vel@aol.net,"P.O. Box 600, 7125 Eget Rd.",South Australia,15-052,Sweden,37
3531899-2,CC,Kylan Richards,(861) 666-7658,metus@hotmail.edu,Ap #764-6797 Sed Av.,Namen,933621,Italy,37
41301931-1,PS,Bruce Alexander,(732) 488-7686,venenatis@icloud.com,3947 Ut Rd.,Henegouwen,9475,South Africa,54
2288587-1,NIT,Luke Finch,(147) 391-6664,egestas.aliquam@aol.com,368-5647 Non Road,Northern Territory,6956 IG,Russian Federation,44
13611990-7,X,Edward Walker,1-523-415-5233,diam.duis@hotmail.ca,5864 Rutrum Road,Ceará,FM3 0TK,Australia,61
34463695-8,X,Aretha Mcdowell,(880) 141-4838,gravida.nunc@google.net,337-7947 Arcu. Rd.,Gilgit Baltistan,384653,Colombia,
1182678-4,TI,Shafira Klein,1-817-386-7526,nec.urna@icloud.ca,"P.O. Box 276, 269 A, Rd.",Cà Mau,45621-89414,France,42
8889758-7,TI,Tamara Hartman,1-619-704-8825,dolor.sit@outlook.ca,"5249 Nec, St.",Pernambuco,6438,Colombia,57
25191129-0,NIT,Evan Goodwin,1-539-633-6477,nisi@aol.couk,"P.O. Box 895, 5039 Tincidunt Ave",Caithness,65549,Brazil,27
30702368-7,PS,Eugenia Chang,1-262-747-7181,pharetra@outlook.com,Ap #776-3726 Bibendum St.,Møre og Romsdal,64555,Canada,28
32566420-7,CC,Chadwick King,(765) 462-4957,nam.tempor.diam@protonmail.net,Ap #369-8293 Sagittis Street,Loreto,1646 KL,Poland,38
41542631-3,NIT,Kelsie Nichols,(353) 613-0906,morbi.tristique@aol.org,878-5791 Enim. Av.,Jeju,104180,Sweden,48
19912542-7,PS,Carly Deleon,(499) 954-7321,adipiscing.elit@outlook.com,Ap #207-4873 Etiam Rd.,Western Cape,895647,United Kingdom,53
28927567-3,NIT,Vincent Vance,1-762-335-2573,aliquet.lobortis.nisi@google.org,Ap #321-7483 Dictum Road,Los Lagos,95635-701,Sweden,19
21862889-3,CC,Olivia Ryan,(708) 542-9664,proin.vel@outlook.couk,"654-6763 Urna, Rd.",Saint Petersburg City,51405,Vietnam,43
25157583-5,CC,Faith Stein,(585) 163-3395,a.dui.cras@aol.ca,Ap #628-7843 Pretium St.,Azad Kashmir,46715,Indonesia,59
31356114-3,X,Oren Johnson,1-534-542-0493,non.dui@aol.couk,5653 Risus. Rd.,Valparaíso,18214,Mexico,27
19785322-0,CC,Thane Bass,1-512-167-0551,mauris.suspendisse@outlook.couk,471-5077 Id Ave,Stirlingshire,36132,India,50
7821288-8,TI,Willow Pollard,1-455-926-5355,risus.in.mi@google.org,620-9643 Aliquam Rd.,Friesland,234656,Russian Federation,
5077773-1,X,Bernard Figueroa,1-492-528-8714,velit.quisque.varius@icloud.ca,8554 Tellus Av.,łódzkie,92702,Ireland,52
47765669-2,CC,Jescie Clark,1-679-626-9818,tellus.suspendisse@aol.net,"P.O. Box 110, 9458 Suspendisse Ave",Adana,378672,Chile,31
359616-8,TI,Davis Avery,1-765-246-2016,quisque.fringilla@protonmail.couk,367-3693 Facilisis St.,Troms og Finnmark,63905-795,Italy,36
15815888-4,CC,Tatyana Blanchard,1-647-162-8332,lacus@icloud.net,666-6857 Tellus Rd.,Guanacaste,9433,Austria,26
43601367-1,NIT,Emi Fowler,1-747-919-8016,dictum.cursus@outlook.couk,"P.O. Box 221, 1886 Nascetur St.",Salzburg,71741,Australia,23
16218534-9,NIT,Mechelle Strong,1-436-483-2489,habitant.morbi@outlook.net,"P.O. Box 465, 6977 Nec Rd.",Limón,65-312,Russian Federation,43
11865323-8,NIT,Guinevere Delgado,(817) 764-0047,laoreet@google.couk,"1978 Posuere, St.",Arunachal Pradesh,11117,United Kingdom,45
143654-9,TI,Charles Ward,1-496-969-3666,velit.sed@outlook.edu,Ap #787-9005 Consectetuer Rd.,North West,60033-160,Costa Rica,30
29288397-8,X,Shelley Ochoa,1-424-542-2345,odio.a@outlook.couk,752-9052 Integer Rd.,Azad Kashmir,5158,Italy,19
10133693-K,CC,Rae Floyd,(864) 277-0745,mauris.sapien@hotmail.com,952-7908 Scelerisque St.,Molise,51206,Vietnam,53
12283431-K,TI,Angela Daniel,(834) 671-4518,elementum.dui@icloud.org,Ap #139-103 Orci St.,Antioquia,86555,Chile,27
32224356-1,PS,Grace Colon,1-308-748-5852,purus.duis.elementum@icloud.net,"P.O. Box 980, 6851 Eu Avenue",Northern Territory,I2Z 5KR,Spain,21
977172-7,CC,Josiah Prince,(848) 213-2983,libero.integer@yahoo.net,"P.O. Box 340, 7076 Vel, Avenue",Selkirkshire,9156,Peru,33
1796568-9,TI,Chelsea Leon,1-573-342-6823,vestibulum.neque@icloud.org,116-513 Lectus Rd.,West Region,5240,South Korea,54
42382295-3,PS,Xenos Meyers,(372) 522-1795,dictum.mi@outlook.org,186-8270 Phasellus Road,São Paulo,684638,Italy,45
45718555-3,CC,Gemma Diaz,(637) 320-6528,feugiat@outlook.edu,647-2392 Et St.,Ceuta,6748,Norway,20
47974310-K,TI,Maile Noel,1-213-271-6121,ac.orci@google.net,"881-6493 Eget, St.",Gelderland,225958,Spain,42
2751767-6,TI,Ronan Ortiz,(542) 213-8821,eu.elit.nulla@protonmail.couk,"P.O. Box 217, 1363 Eu Road",Zhytomyr oblast,94474,Austria,55
10633305-K,NIT,Armando Terry,(333) 731-3453,integer@protonmail.com,2658 Nibh Rd.,Gilgit Baltistan,11679-746,New Zealand,28
14919687-0,TI,Cade Hooper,(406) 584-3203,quam.curabitur@outlook.couk,Ap #469-7602 Nulla Road,British Columbia,292953,Indonesia,18
39673933-K,X,India Burnett,1-715-144-5509,sed@yahoo.org,Ap #347-2966 Rutrum Rd.,North Island,185336,Australia,28
6497410-6,CC,Ursula Hinton,1-293-335-0653,nisl@aol.net,2238 Enim. Road,Lambayeque,951877,Peru,55
2440518-4,NIT,Kimberly Spears,(867) 183-3191,vulputate.eu.odio@yahoo.ca,Ap #806-4757 Dolor. Ave,Canarias,17575-740,Belgium,
227806-3,TI,Blake Decker,(128) 280-1616,velit.pellentesque.ultricies@icloud.org,7792 Dolor Av.,Overijssel,1876 SW,Chile,23
33220225-1,X,Kalia Clark,1-623-596-1235,lobortis.ultrices.vivamus@yahoo.org,8312 Velit. Rd.,Bicol Region,15589,Norway,30
2167293-9,TI,Ebony Livingston,1-501-537-6266,dui.lectus.rutrum@hotmail.net,Ap #439-7697 Nunc St.,Noord Brabant,HC1C 7RN,Turkey,21
32771209-8,CC,Beverly Gutierrez,(789) 621-2847,ac.facilisis.facilisis@hotmail.net,Ap #900-5525 Ad Street,Upper Austria,89636-245,Russian Federation,23
44711679-0,TI,Ciaran Key,(731) 756-5223,enim.mauris@outlook.com,374-1993 Adipiscing Rd.,Leinster,93-17,Costa Rica,57
34233855-0,X,Seth Pollard,(917) 517-9259,a@yahoo.ca,411-2933 Vitae Rd.,Magallanes y Antártica Chilena,5748,France,
4579675-2,PS,Noah Britt,1-646-434-0568,enim.commodo.hendrerit@yahoo.edu,920-107 Primis St.,Quảng Ngãi,5499,Philippines,20
28184389-3,CC,Jerome Collier,1-464-269-6732,nulla.eu@hotmail.com,635-1373 Phasellus Ave,Nordland,7544,Nigeria,56
14188238-4,TI,Melanie Myers,1-718-627-9643,tempus.risus.donec@outlook.com,754-6227 Orci. Avenue,Assam,58-77,Ukraine,21
7400668-K,NIT,Guy Guzman,(634) 365-3874,nisi.dictum@google.edu,Ap #746-1548 Vivamus Rd.,Huádōng,43213,Singapore,60
7199799-5,CC,Elton Manning,1-513-149-3425,tellus.lorem@aol.ca,269 Nisi. St.,Lubuskie,3261,Belgium,57
14887833-1,CC,Andrew Bradshaw,1-576-978-8711,risus@yahoo.ca,996-8134 Sagittis Avenue,Mpumalanga,309698,France,25
3844870-6,TI,Dylan Maxwell,(679) 786-3495,eu@icloud.edu,"P.O. Box 185, 6344 Dignissim. St.",Baden Württemberg,85178,Ukraine,54
47859229-9,CC,Anne Carney,1-456-486-6231,tempus@protonmail.org,Ap #435-4217 Arcu Rd.,Auvergne,2847,Russian Federation,34
4580852-1,PS,Cassidy Patrick,1-882-365-8417,feugiat.placerat.velit@protonmail.couk,"P.O. Box 521, 7900 Arcu. Road",Vlaams-Brabant,45491,Philippines,58
23896426-1,NIT,Wang Pope,(618) 661-6547,aliquam.iaculis.lacus@google.edu,250-6758 In Rd.,Central Region,EN43 3OF,China,37
41888989-6,TI,Serena Tyson,(625) 815-3415,quis.pede@hotmail.net,735-2481 Leo St.,Coahuila,8784-2617,Turkey,47
5085671-2,CC,Desirae Harrison,(163) 284-7833,posuere@outlook.edu,"P.O. Box 285, 3414 Amet St.",South Australia,391125,Spain,56
17836892-3,NIT,Haviva Schneider,1-236-324-3491,erat@protonmail.ca,Ap #320-3093 Ipsum Av.,Gia Lai,28045,Australia,27
25790127-0,CC,Urielle Santana,(569) 884-2119,dolor.nulla@hotmail.org,Ap #464-3020 Cubilia Rd.,Dunbartonshire,451468,Brazil,56
44648303-K,TI,Jana Day,(579) 203-8623,donec.tempus@aol.couk,643-7086 Ipsum Road,Innlandet,2866,Austria,44
1677344-1,CC,Megan Clay,1-466-274-2557,mauris.eu.turpis@icloud.couk,Ap #330-9605 Leo. Street,Western Cape,67-797,Belgium,54
21688190-7,X,Graiden Kirk,1-417-633-9963,nec@yahoo.net,308-9484 Fusce St.,Vlaams-Brabant,2125,Brazil,36
32204830-0,TI,Leila Robinson,(493) 475-6228,blandit@icloud.net,"Ap #243-9786 Ut, Street",Lazio,788162,Nigeria,46
35758552-K,PS,Finn Craft,1-314-455-4589,bibendum.ullamcorper.duis@hotmail.edu,216-2464 Auctor Street,Cordillera Administrative Region,36-12,United Kingdom,28
28531304-K,NIT,Tara Mccarty,(520) 551-9942,accumsan.neque@yahoo.ca,"820-2892 Dui, Rd.",Tolima,145147,Nigeria,21
43231634-3,NIT,Keiko Cochran,1-673-818-8655,pellentesque@yahoo.com,"P.O. Box 898, 8033 Enim. Avenue",Västra Götalands län,51494-83827,Mexico,44
46322314-9,TI,Griffin Mccarthy,(408) 927-3730,ligula.nullam.enim@google.org,"316-4031 Nec, Rd.",Inverness-shire,70246,Russian Federation,28
24769840-K,TI,Zia Moss,1-916-724-4753,ornare.sagittis@icloud.couk,890-7952 Donec St.,Saarland,48987-72151,Sweden,46
10442502-K,TI,Tarik Barrett,1-922-341-6677,ipsum.donec.sollicitudin@google.ca,"Ap #105-1743 Sapien, Road",Sơn La,51325-15516,Poland,49
37312-7,CC,Halla Stanton,(625) 828-6446,morbi.tristique@google.ca,"P.O. Box 232, 5791 Velit. Avenue",Minnesota,2775,New Zealand,25
18367761-6,PS,Burton Abbott,1-731-466-8627,lorem.donec.elementum@google.ca,"P.O. Box 323, 5113 Natoque Rd.",Azad Kashmir,62104,Chile,
839729-5,TI,Delilah Hamilton,(382) 902-5595,lorem.ipsum.dolor@outlook.couk,Ap #524-7172 Et Ave,Jalisco,21136,South Africa,29
40232945-9,PS,Abraham Gaines,(462) 416-7392,massa@google.ca,213-4846 Taciti St.,Sachsen,61232,France,47
42233683-4,NIT,Burton Grimes,1-587-423-0872,netus.et@aol.com,Ap #900-7179 Aliquam Street,Cartago,11602,Brazil,19
23850353-1,CC,Brittany Webb,(616) 440-6580,lobortis.ultrices.vivamus@hotmail.net,Ap #814-1942 Diam St.,Baja California,33-248,Poland,26
2778989-7,X,Hedda Mcleod,(856) 612-9249,nunc.mauris@yahoo.couk,213-3348 Penatibus Street,Anambra,89573-634,Ukraine,34
39789455-K,CC,Hadassah Glass,(385) 987-1831,phasellus.at@outlook.couk,291-2218 Nec Av.,Northwest Territories,23955,Peru,48
25787920-8,NIT,Kelsie Prince,1-298-361-7673,nulla.interdum@icloud.ca,Ap #341-330 Curabitur Avenue,Bayern,786598,Germany,58
45855184-7,TI,Amal Dyer,(577) 444-9929,donec.est@icloud.net,9483 Cursus. Rd.,Tarapacá,67185-526,Norway,42
4186792-2,TI,Briar Webster,1-735-442-4243,arcu.nunc.mauris@hotmail.org,"P.O. Box 974, 9074 Fringilla. Road",Gelderland,576315,United States,53
19990354-3,CC,Bertha Barry,1-731-361-7525,nulla.integer@protonmail.com,Ap #534-7949 Purus. Street,Bangsamoro,93375,Netherlands,32
2087947-5,X,Eleanor Kirkland,1-683-122-8719,suspendisse.commodo@protonmail.edu,235-2540 Sapien. Rd.,Tabasco,187579,Germany,53
14643662-5,NIT,Leah Lynn,1-367-224-5131,sagittis@icloud.ca,142-2338 Turpis St.,Punjab,8818 OQ,Vietnam,37
9865565-4,PS,Rooney Bright,1-273-808-6533,nulla.interdum.curabitur@aol.edu,"P.O. Box 115, 653 Elementum St.",Rivers,4518,Philippines,
36931823-3,X,Imogene Rocha,1-374-221-2495,metus.aenean@aol.edu,559-2934 Nec Street,Valle del Cauca,5126,Costa Rica,19
49622614-3,CC,Chaney Galloway,(662) 432-7750,morbi.tristique.senectus@outlook.couk,275-2274 Blandit Av.,Ceará,7182-7212,Indonesia,24
49173805-7,X,Nita Valenzuela,(457) 207-7316,ipsum.primis@protonmail.org,385-7401 Mauris Av.,Cantabria,327768,Brazil,28
28281476-5,TI,Sylvester Fry,(577) 368-6274,placerat.augue@protonmail.net,"723-8271 Id, Rd.",Midi-Pyrénées,66762,Turkey,25
44500922-9,TI,Aurelia Caldwell,1-314-386-4819,ut.erat.sed@icloud.edu,"588-3190 Placerat, Street",Noord Brabant,87852,Chile,43
2023693-0,CC,Nora Rutledge,(892) 543-8373,integer.eu.lacus@icloud.couk,109-5782 Aliquam Street,Zhōngnán,Z2U 4CK,Colombia,26
14340938-4,CC,Hedda Lester,1-864-471-8891,cum@google.edu,Ap #241-8211 Molestie Road,Agder,708774,Poland,48
42704915-9,TI,Ebony Wagner,1-760-661-7327,amet.nulla.donec@hotmail.edu,858-1210 In St.,Zeeland,3418,Netherlands,23
6346656-5,CC,Montana Mcdowell,1-566-721-6238,rhoncus@outlook.edu,Ap #186-2458 Dictum St.,Niedersachsen,89192-588,Norway,49
10704557-0,CC,Darius Fuentes,1-536-103-7271,curabitur.egestas.nunc@yahoo.net,"958-3347 Montes, Street",Zakarpattia oblast,43133,Vietnam,57
9871918-0,CC,Lacey Joseph,(242) 259-7417,metus.vitae.velit@icloud.org,590-8595 Mauris. St.,Zhōngnán,8663,Austria,37
8959758-7,PS,Halee Stewart,1-410-454-2526,lorem.ipsum@google.edu,982-2894 Tempus Street,Papua,4838,Belgium,22
29388722-5,NIT,Ciaran Knowles,1-711-177-1226,et.magnis.dis@hotmail.couk,216-9457 Vulputate St.,Baden Württemberg,333418,Singapore,24
2958781-7,NIT,Roth Elliott,(318) 711-5075,nam@hotmail.ca,710-8228 Vulputate Av.,Västra Götalands län,18834,South Korea,47
49604398-7,NIT,Deborah Osborne,1-178-197-9011,erat.sed.nunc@aol.edu,777-4144 Pede Rd.,Alajuela,5419,Nigeria,51
28759957-9,NIT,Hamish Dawson,(794) 838-8441,blandit.mattis@outlook.ca,"P.O. Box 663, 5071 Arcu. Rd.",Katsina,65-59,Ireland,43
20167505-7,CC,Melvin Clayton,(815) 766-4381,arcu.eu.odio@aol.org,Ap #515-6294 Tortor Ave,Berlin,2733 MC,Costa Rica,49
14326912-4,NIT,Noelle Padilla,(386) 277-4842,at.fringilla@google.edu,Ap #747-5768 Libero. St.,East Region,156361,Ukraine,32
47793332-7,TI,Kylee Myers,(944) 389-3434,cubilia.curae@hotmail.ca,Ap #988-3477 Arcu. Rd.,Limpopo,26461-84625,Italy,22
28237786-1,X,Fulton Grant,1-854-521-9293,nec.tellus@aol.net,Ap #290-7350 Orci Rd.,Kocaeli,338322,Austria,52
1722880-3,X,Tyrone Thomas,1-773-702-0738,ad@yahoo.couk,344-8516 Nulla. Av.,Balıkesir,6657,South Korea,55
11268-2,X,Tate Clayton,(849) 443-5551,dictum.eleifend@hotmail.org,Ap #359-4455 Tristique Road,Carinthia,38784,Chile,51
425766-4,CC,Katelyn Woodard,1-521-831-0688,turpis.in.condimentum@outlook.org,955-9937 Magnis Av.,Paraná,74781-542,Russian Federation,36
47532415-3,TI,Todd Mann,1-541-218-7672,et.lacinia@outlook.org,"P.O. Box 734, 9176 Varius Street",Sikkim,65637-84472,Australia,59
29663587-1,NIT,Kaseem Shaffer,1-573-766-6881,a.dui@outlook.edu,Ap #773-7882 Nunc Ave,Junín,1867,Chile,18
205239-3,X,Quyn Morton,1-278-244-1138,lectus.justo@icloud.org,519-1934 Non Av.,Trà Vinh,44-417,Poland,42
16356900-0,TI,Blaze Diaz,(511) 713-7790,iaculis@icloud.net,203-7733 Lobortis Avenue,Caquetá,J11 0PU,Belgium,53
33590189-4,CC,Elijah Flynn,1-272-822-4834,non@aol.com,209 Ligula. St.,Northwest Territories,56726,Chile,33
31466915-0,NIT,Alyssa Pickett,1-333-325-7667,vulputate.lacus@aol.couk,Ap #776-9646 Suspendisse Ave,Xīnán,7228,Netherlands,43
14891512-1,NIT,Lilah Gomez,1-256-678-9981,etiam.imperdiet.dictum@hotmail.com,3004 Lacus. St.,Pays de la Loire,862861,Austria,20
27289140-0,PS,John Barrera,(338) 485-2271,sed.nunc.est@protonmail.couk,Ap #591-8999 Phasellus St.,Santa Catarina,848275,Norway,58
12797439-K,CC,Reuben Kent,(181) 909-3456,luctus.ut@google.couk,6254 Nunc St.,Huádōng,0208 WR,Philippines,33
2055494-0,CC,Chancellor Mccall,(554) 782-4216,enim@yahoo.net,"P.O. Box 925, 4735 Felis St.",Prince Edward Island,83488,United States,27
39325125-5,PS,Maya Stevenson,(464) 868-4411,sed.leo@aol.edu,Ap #728-1906 Quis Rd.,Guaviare,31743,Brazil,36
3036216-0,TI,Raymond Wong,(433) 531-6337,hymenaeos.mauris@aol.edu,Ap #710-6977 Dictum Avenue,Khyber Pakhtoonkhwa,2744-1772,Netherlands,31
13420541-5,TI,Porter Blevins,(671) 576-2374,vel.convallis.in@protonmail.edu,Ap #742-7604 Bibendum. Av.,Buteshire,3898,Spain,21
22595824-6,TI,Doris Cherry,(828) 728-6763,nascetur.ridiculus@hotmail.org,250-4609 Eros Ave,North-East Region,6493,China,
1555589-0,PS,Herman Thornton,1-638-554-0265,enim.condimentum.eget@outlook.couk,889-7135 Dis St.,Sinaloa,871321,Belgium,60
42946971-6,TI,Stephanie Singleton,1-413-234-8788,tellus.suspendisse@yahoo.org,884-9649 Natoque Rd.,Lubuskie,97439,Brazil,60
23594569-K,X,Calvin Fuentes,1-646-383-8486,sed@aol.couk,Ap #921-7819 Donec Rd.,Sokoto,13-116,Ireland,47
25691335-6,TI,Micah Buckley,1-803-884-1681,lacinia.vitae@outlook.com,Ap #954-3343 Malesuada Road,North Region,437635,New Zealand,50
29454493-3,X,Xaviera Hurley,(389) 580-2186,mi@icloud.ca,Ap #248-5000 Luctus Avenue,Molise,44195,Peru,29
40614525-5,X,Ava Foreman,(215) 658-3107,ut.lacus.nulla@yahoo.edu,555-7444 Fusce Rd.,Burgenland,25305,India,21
6773379-7,X,Andrew Serrano,1-638-290-9327,hendrerit.neque@protonmail.ca,"P.O. Box 767, 8854 Ut St.",Guanacaste,38144,New Zealand,48
47855838-4,NIT,Jack Freeman,1-942-499-5388,eros@outlook.edu,Ap #191-5987 Est. Road,Delta,2864,Canada,47
493487-1,TI,Clio Sandoval,1-667-669-7964,ullamcorper.nisl@aol.net,3217 Nec Av.,Yukon,9667,Canada,45
26391120-2,NIT,Wallace Tyson,(928) 173-7893,aliquet.diam.sed@google.com,7398 Per Rd.,São Paulo,5133,Chile,57
14780529-2,CC,Kaye Sparks,(218) 869-7735,magna@protonmail.org,482-5421 Ipsum Rd.,Ogun,3445,Philippines,41
20147938-K,CC,Maggie Dickson,(676) 973-2181,nec@icloud.couk,726-7418 Magna Rd.,Bauchi,1643-7459,Russian Federation,42
45819312-6,X,Roary Allen,(852) 604-8756,dolor.fusce@protonmail.com,9958 Vestibulum St.,Caldas,522639,Canada,52
32317523-3,TI,Jermaine Head,1-514-155-2433,tristique@protonmail.couk,8623 Nunc St.,Perthshire,41362-62567,Singapore,52
4948259-0,PS,Shelby Kirby,(931) 244-6674,in@outlook.net,2248 Enim. Rd.,Kinross-shire,36195,Ukraine,
31715419-4,TI,Jamal Lindsey,(352) 398-1848,erat.volutpat.nulla@aol.edu,Ap #556-6350 Quam. Ave,Munster,7338,Singapore,24
47257544-9,TI,Macaulay Nicholson,1-716-335-6273,facilisis.non@icloud.edu,668-1455 Mi. Av.,Odisha,4471,France,
34368124-0,TI,Sopoline Ewing,(522) 667-1163,malesuada.fames@protonmail.ca,863-5709 Dictum St.,Friuli-Venezia Giulia,28480-83436,Singapore,36
6587544-6,X,Jaime Cummings,1-558-639-0688,diam.nunc@yahoo.ca,719-3628 Aenean Road,North Gyeongsang,52538,Sweden,
46365164-7,X,Jaden Wilkinson,1-818-784-4636,aliquam.erat@outlook.com,"P.O. Box 400, 2742 Ullamcorper Av.",Sachsen,C8 3CM,France,48
34905154-0,PS,Kalia Wilkerson,(625) 606-5226,lorem.sit.amet@google.com,734-8051 Feugiat St.,Marche,424820,Turkey,
26688251-3,TI,Mechelle Oliver,(475) 445-3581,tristique.senectus@yahoo.couk,5479 Proin Street,Limpopo,80486,Canada,
3161993-9,PS,Francis Coleman,(654) 394-6438,fringilla.porttitor.vulputate@protonmail.edu,237-407 Cras Av.,Sindh,67578-17658,New Zealand,30
30908146-3,PS,Dolan Campos,1-651-857-7127,sociis.natoque@hotmail.couk,4735 Tincidunt Street,South Sulawesi,8704,Ukraine,50
35577105-9,TI,Jeanette Skinner,1-787-865-3782,ac@icloud.couk,562-4571 Cras Av.,North Island,3632-7311,Vietnam,39
504694-7,PS,Branden Roberts,1-350-308-5254,donec.vitae@outlook.ca,892-9388 Aenean Road,Mpumalanga,38054-93797,Australia,40
156196-0,PS,Marah Fuentes,1-877-348-7121,nam.porttitor@icloud.net,Ap #534-5235 Euismod Av.,Tabasco,53525,Spain,47
35788456-K,X,Bryar Gillespie,(472) 811-1648,justo@hotmail.net,"9188 Eget, Road",Azad Kashmir,557077,Turkey,46
28496103-K,X,Felix Rivas,(871) 533-1542,suspendisse@icloud.org,308-8956 In Road,North Jeolla,391172,China,29
25140608-1,X,Ira Carver,1-687-875-3465,odio.semper@icloud.com,"P.O. Box 111, 2089 Ac St.",Biobío,242322,China,31
35586384-0,PS,Neve Schwartz,(746) 785-5862,aptent@icloud.couk,Ap #462-731 Eu St.,Champagne-Ardenne,5823,France,27
3327679-6,TI,Reuben Savage,1-232-229-6932,mauris@google.edu,4294 Ultrices. Avenue,Lagos,56115-431,Chile,40
18145425-3,PS,Linus Valencia,1-635-648-2093,felis.orci@aol.couk,Ap #467-4110 Consequat Av.,Mecklenburg-Vorpommern,36363,Ireland,38
19976270-2,TI,Meredith Rosa,(620) 431-8208,ut@outlook.ca,422-5124 Pellentesque Street,Zakarpattia oblast,3871,South Korea,36
457693-4,X,Veda Barker,1-881-406-6188,dictum.sapien@outlook.couk,1650 Tellus Rd.,Arauca,13358,Norway,48
32803187-6,CC,Christen Owen,(538) 606-8181,nec.tempus@aol.com,Ap #197-3099 Egestas Av.,Limón,A2S 4N9,Peru,50
18434826-8,NIT,Levi Flores,1-770-275-4698,interdum@hotmail.net,Ap #538-6157 Justo Av.,Jambi,52648,New Zealand,26
3355110-K,TI,Aaron Best,1-222-740-6677,nonummy.ipsum@hotmail.edu,Ap #621-1434 Consectetuer Ave,Carinthia,8122 BL,Chile,53
3371767-9,TI,Amela Whitaker,(273) 691-7256,interdum@google.com,343-6152 Nam Street,Haryana,55413,Philippines,62
13701671-0,CC,Chadwick Howe,1-197-722-6364,elit.erat.vitae@icloud.net,Ap #664-3940 Elit Avenue,West Sumatra,235131,Singapore,28
373980-6,X,Amir Ferrell,1-560-719-3988,libero.est@outlook.net,"P.O. Box 533, 6968 Odio, St.",Calabarzon,3156,Spain,36
47990694-7,CC,Camden Price,(365) 241-6478,vestibulum.ut@outlook.ca,Ap #611-6026 Nibh. Ave,Lào Cai,DF24 4FQ,Australia,40
172117-7,NIT,Yen Mccoy,(958) 633-3384,dolor.sit@outlook.org,539-4353 Orci. St.,Bretagne,80357,Germany,50
4052488-6,CC,Minerva Carter,(231) 163-5582,sit@protonmail.org,"P.O. Box 564, 8541 Pharetra, Av.",Shetland,08790-34742,Sweden,29
50412225-5,CC,Kadeem Whitaker,1-511-996-1829,ac.libero@yahoo.ca,"P.O. Box 698, 495 Amet, Ave",Namen,622635,Italy,35
48280185-4,X,Griffith Armstrong,1-706-877-0947,ut.odio.vel@google.edu,288-5536 Gravida. Av.,Alsace,1065-5572,Sweden,60
14774382-3,TI,Julian Alston,(710) 620-7856,varius.nam@aol.com,139-1915 Penatibus Road,Vestland,940729,Italy,45
6865685-0,NIT,Fulton Conner,1-173-924-6741,suspendisse.tristique.neque@google.org,"P.O. Box 419, 5172 Egestas. Rd.",Arica y Parinacota,1782,New Zealand,48
23583479-0,PS,Winifred David,1-546-760-6340,enim@aol.couk,4214 Aliquet Rd.,Kahramanmaraş,5377,Indonesia,42
26821977-3,NIT,Lacota Williams,1-851-654-9526,malesuada.fringilla@hotmail.org,"P.O. Box 165, 4741 Aliquam Ave",Baden Württemberg,306917,Ireland,18
15404538-4,PS,Jelani Pitts,1-212-545-7284,ac.risus.morbi@hotmail.edu,Ap #326-5690 Proin Rd.,Papua,87358-88303,Norway,
22675110-6,CC,Britanni Strong,1-431-958-8472,dictum.proin@icloud.couk,7833 Tincidunt St.,South Island,25644,Mexico,33
1347469-9,CC,Zorita Phillips,(958) 933-0856,scelerisque@protonmail.edu,"238-120 Id, Avenue",Meta,525508,Canada,58
31399973-4,CC,Russell Bond,(429) 775-4436,non.justo@yahoo.com,"Ap #941-9442 Lorem, Street",Assam,1821 VE,Peru,62
26342372-0,TI,Orlando Buck,1-254-953-7654,nibh.quisque.nonummy@google.couk,905-523 Augue Rd.,Sindh,861174,Belgium,34
50161459-9,X,Allegra Stokes,(274) 577-3174,diam.sed.diam@google.ca,"P.O. Box 446, 8344 Nisl St.",Bursa,11237,Singapore,25
28593400-1,X,Hayes Trevino,(321) 221-6470,leo.elementum.sem@aol.ca,428-7939 Cursus Avenue,New Brunswick,48397,Norway,27
42488529-0,PS,Tallulah Weber,1-686-218-5151,nunc@hotmail.org,119-7616 Sollicitudin Rd.,Poitou-Charentes,675550,Belgium,40
17113676-8,CC,Cherokee Turner,1-158-504-8591,rutrum.justo@hotmail.ca,Ap #404-9469 Libero Rd.,Viken,3842,Italy,51
47540448-3,NIT,Silas Howe,(673) 638-5302,in.felis@google.edu,"P.O. Box 476, 1314 Auctor Road",Franche-Comté,72180,Australia,
8947617-8,X,Bell Cunningham,1-146-624-8477,odio.phasellus.at@hotmail.edu,236-3857 Fermentum Avenue,Hamburg,58-95,Australia,
13822177-6,CC,Dane Duffy,1-776-863-9765,ut@protonmail.org,"Ap #320-3109 Amet, St.",Phú Thọ,3723,United Kingdom,55
17946100-5,PS,Hayes Erickson,1-881-723-7805,mattis.velit.justo@yahoo.edu,8563 Lobortis Avenue,Idaho,62808,Mexico,20
4384713-9,TI,Fletcher Walker,(110) 402-5096,nisi.mauris@yahoo.org,"Ap #475-3836 A, Ave",Emilia-Romagna,618175,Costa Rica,26
9647187-4,TI,Acton Vega,1-351-681-4333,vel.venenatis.vel@google.edu,9973 Aliquam Av.,Zaporizhzhia oblast,75358,China,33
46524385-6,CC,Ariana Pacheco,(782) 730-4061,nunc.in.at@protonmail.net,Ap #557-8455 Interdum Rd.,Tyrol,118516,Spain,38
40126485-K,PS,Hammett Brady,1-485-465-6548,sit.amet@icloud.net,"P.O. Box 579, 6072 Morbi Road",Vermont,3175,Indonesia,27
5057077-0,NIT,Constance Brown,(450) 734-2311,ante.ipsum@hotmail.org,"628-5611 Placerat, Rd.",Bayern,213788,Italy,58
35344988-5,PS,Maggy Parsons,1-222-834-2257,mauris@hotmail.ca,167-7144 Phasellus Rd.,Connacht,783296,Chile,54
2696550-0,TI,Jerry Boyd,(473) 488-1134,nunc.lectus@google.com,Ap #508-3649 Ac Road,Zaporizhzhia oblast,4886,Ireland,18
361117-5,NIT,Leo Robertson,1-411-180-5656,at@yahoo.couk,"P.O. Box 927, 288 Id, St.",Gangwon,8552,Poland,37
20804970-4,NIT,Laith Owen,1-625-247-5362,massa@hotmail.net,Ap #858-3512 Felis St.,Noord Holland,23284,Austria,41
23837838-9,X,Jaden Irwin,(899) 651-4580,enim.mi@aol.net,Ap #215-7789 In Ave,Minas Gerais,997856,Canada,29
49728291-8,PS,Lucy Carrillo,(415) 264-7657,torquent.per@outlook.edu,284-2280 Cursus. Ave,East Region,764652,China,54
19799659-5,X,Cassidy Mcclain,(176) 267-1741,dignissim.maecenas.ornare@protonmail.com,124-1442 Hendrerit Av.,Michoacán,77376,India,26
28519169-6,NIT,Kenneth Blackburn,1-877-514-5995,lacinia@google.org,Ap #295-2855 Tellus Rd.,Denbighshire,517774,Chile,48
44275769-0,X,Merrill Heath,(185) 738-2713,urna.ut.tincidunt@aol.net,415-9700 Et St.,Cartago,46597,Indonesia,61
25336974-4,X,Tanya Alvarado,1-365-753-7487,imperdiet@protonmail.com,239-9187 Mauris Rd.,Lower Austria,66-68,Canada,55
18201274-2,TI,Susan Rios,(626) 220-8601,magna.a@aol.net,2841 Purus. Av.,Nova Scotia,7475,France,34
1532541-0,X,Honorato Schwartz,1-342-561-6657,ornare@outlook.net,137-8314 Eu Ave,Valparaíso,26046-356,South Africa,58
35619903-0,X,Mara Stafford,1-438-642-1648,ut.molestie@icloud.org,"262-4821 Montes, Rd.",Maule,33523-70698,Nigeria,20
7712867-0,PS,Lucas Hahn,(675) 262-7732,libero.donec@outlook.net,7209 Egestas Ave,Drenthe,32992,Netherlands,47
17348390-2,TI,Richard Cooper,(651) 472-9410,et.risus@outlook.org,Ap #254-8513 Neque. Road,Queensland,35424,Singapore,30
48450620-5,TI,Jerome Hensley,1-252-362-1694,sollicitudin.commodo@google.ca,107-7962 A Rd.,Kirov Oblast,4262,Ukraine,25
8209393-1,X,Sacha Byers,(514) 181-3512,rutrum.justo@hotmail.com,Ap #724-6044 Nisl Rd.,KwaZulu-Natal,53386,Mexico,38
44308875-K,X,Rachel Dickson,1-463-605-4681,massa@protonmail.org,253-8596 Vehicula Avenue,Styria,88-92,Indonesia,40
35436675-4,X,Vera Cameron,1-445-942-4472,eu.lacus@google.net,Ap #472-7867 Luctus Ave,Ulster,458114,South Africa,40
44806960-5,PS,Ann Ross,1-407-847-5248,sociosqu.ad@protonmail.edu,Ap #929-1743 Suspendisse Street,Central Region,872571,Indonesia,28
29980245-0,PS,Wyatt Wyatt,(777) 250-2216,interdum@yahoo.ca,Ap #491-3177 Nunc Street,Vaupés,3524,India,55
1895734-5,CC,Baxter Calhoun,1-247-567-7922,primis.in.faucibus@hotmail.edu,Ap #597-5007 Orci Av.,Special Region of Yogyakarta,414863,Singapore,57
24923572-5,PS,Bruce Mcconnell,(817) 774-3662,tellus@hotmail.edu,"7310 Risus, Street",Ankara,2597,Italy,18
40495669-8,PS,Brennan Frank,(277) 282-5627,et@outlook.org,Ap #731-2001 Magna. Rd.,Australian Capital Territory,5248,Australia,21
1440354-K,PS,Cole Hampton,1-562-274-3326,sollicitudin@aol.ca,507-7536 Ut St.,Central Region,5715,Vietnam,20
2559184-4,X,Odette Franks,(216) 439-4875,lobortis@yahoo.ca,8441 Eros Rd.,Junín,47268,India,39
28435903-8,TI,Hedley Norris,1-686-322-3598,magnis.dis@hotmail.ca,"500-4918 Id, St.",Connacht,4784,India,49
4669105-9,PS,Emily Velazquez,1-289-644-5612,eu.ligula@yahoo.ca,Ap #278-2095 Facilisis Av.,Madhya Pradesh,196698,Vietnam,61
22921764-K,NIT,Kelly Marshall,(111) 548-0632,duis.mi.enim@google.ca,Ap #180-8711 Ipsum. Road,Salzburg,514548,Poland,55
385957-6,TI,Adele Norris,(223) 856-3148,libero.dui@aol.edu,"Ap #304-1239 Montes, Rd.",Sachsen-Anhalt,333964,Ukraine,46
15333558-3,TI,Hope Hampton,1-658-650-7625,dolor@google.ca,1079 Sit Rd.,Xīnán,665162,Spain,39
22566986-4,PS,Honorato Faulkner,(802) 189-9207,lacus.mauris@google.com,948-1205 Cras Street,Guanacaste,76V 3J9,China,41
19937656-K,X,Lance Barker,1-534-732-8446,ullamcorper.duis@yahoo.org,601-2002 Nunc Ave,North Island,380702,Indonesia,40
1195650-5,X,Prescott Mack,1-797-484-3341,ipsum.dolor@hotmail.com,348-7239 Ante Road,Dalarnas län,7816,Chile,51
1711279-1,CC,Darius Dudley,1-587-591-6845,pretium.aliquet@outlook.com,Ap #281-7955 Lacus. St.,West-Vlaanderen,636286,Costa Rica,61
131577-3,PS,Ivory Cross,(976) 825-2183,lectus.cum@protonmail.org,Ap #959-8551 Erat. Avenue,Västra Götalands län,77-99,Brazil,21
45378995-0,CC,Barclay Dennis,(615) 285-4567,a.mi@hotmail.edu,845-3813 Dictum Street,South Island,7031,Pakistan,37
24834465-2,CC,Leo Fletcher,(219) 615-8505,adipiscing@outlook.com,"P.O. Box 522, 1901 Bibendum Ave",FATA,7235,Philippines,46
38942393-9,TI,Scarlett Woodard,1-826-404-1033,eget@hotmail.org,Ap #277-9431 Velit Avenue,Aragón,172506,South Africa,33
687994-2,TI,Austin Pratt,1-595-658-8227,consectetuer.adipiscing@outlook.ca,"P.O. Box 723, 701 Vitae St.",East Region,72731,Philippines,48
2987347-K,NIT,Keefe Berg,(482) 549-2579,donec.nibh.quisque@aol.com,"P.O. Box 911, 7745 Sollicitudin Road",Cusco,42240,Costa Rica,40
40403276-3,NIT,Hall Fuentes,(855) 336-0724,donec@outlook.net,746-2033 Nulla. Rd.,Nord-Pas-de-Calais,448286,Spain,19
9324409-5,CC,Alfreda O'donnell,1-202-841-1631,quam.quis@google.couk,341-2754 Gravida Rd.,Pará,36529,France,22
19759230-3,TI,Linus Bond,1-846-738-9146,tempor@google.net,3004 Molestie Rd.,Radnorshire,6354,United States,42
16197260-6,NIT,Merrill Bowers,(852) 573-6465,metus@icloud.net,171-7269 Lacus. Rd.,Limpopo,20813,Peru,53
36502555-K,CC,Brock Reilly,1-642-388-5277,non@protonmail.org,2627 Sagittis Rd.,Hessen,433291,United Kingdom,33
26704704-9,CC,Kylynn Acosta,(456) 287-7175,erat.neque@google.couk,4614 Risus. Avenue,Dolnośląskie,25482,Costa Rica,52
15528815-9,PS,Elliott Mcdaniel,1-963-716-8828,non@outlook.couk,Ap #926-8622 Nulla. Rd.,Gauteng,40610,Australia,27
49702328-9,TI,Wallace Cantu,(767) 420-2275,in.cursus@yahoo.com,Ap #941-3162 Quam. Ave,Bình Thuận,2154 JQ,France,56
20445324-1,NIT,Echo Shepherd,(432) 847-4135,mattis.velit@aol.ca,8540 Cras Av.,Limousin,8967,Costa Rica,55
31897756-9,X,Xenos Erickson,1-586-131-7819,nec@outlook.couk,9036 Orci Ave,Khyber Pakhtoonkhwa,82631,Indonesia,42
642959-9,NIT,Samson Morrow,1-423-847-5267,netus.et@aol.net,810-6650 Felis St.,Manitoba,41-644,Chile,39
50506563-8,TI,Avram Fitzpatrick,(443) 468-2833,massa.quisque.porttitor@protonmail.org,Ap #913-6855 Sit Av.,Provence-Alpes-Côte d'Azur,379626,Germany,47
13284245-0,NIT,Veda Rocha,1-575-623-4838,odio.phasellus.at@yahoo.net,515-962 Vel Avenue,Cagayan Valley,815406,Singapore,24
22350209-1,PS,Cora Potter,(737) 557-6525,et.pede@outlook.couk,Ap #327-2649 Eros Road,Opolskie,PR4E 8WP,Spain,20
37246149-7,NIT,Regina Sears,1-742-518-1067,elementum@icloud.org,"Ap #419-6700 Aliquet, Ave",Leinster,273386,Germany,47
12303528-3,NIT,Jennifer Hinton,(618) 225-7278,sagittis.nullam.vitae@outlook.net,"1344 Et, Ave",Central Sulawesi,88808,Turkey,38
43815942-8,CC,Nora Cote,(735) 162-2811,duis@yahoo.ca,765-8931 Sed Street,Yukon,25727-672,Spain,21
26882223-2,TI,Priscilla Jacobs,1-244-187-4628,tempor.erat@outlook.couk,Ap #197-5545 Massa. Avenue,Paraíba,4672,Philippines,59
45885973-6,CC,Ariana Koch,(351) 880-9241,consectetuer.adipiscing@hotmail.edu,Ap #865-5133 Ultrices St.,Limousin,L6 8YG,Netherlands,38
29811722-3,PS,Bernard Hughes,1-212-244-0335,odio.a@aol.net,Ap #815-6988 Penatibus Ave,Styria,325127,Indonesia,55
7702939-7,TI,Kadeem Gallegos,(489) 313-5231,diam.lorem@outlook.couk,Ap #855-2869 Malesuada Street,Sardegna,8151 NG,South Africa,40
42171145-3,PS,Mufutau Richmond,1-218-550-1116,per.inceptos@aol.couk,"823-2490 Sed, Avenue",Bahia,18183,Poland,57
6282262-7,CC,Amber Franks,1-341-311-1447,enim.mi.tempor@icloud.org,8508 Quisque Rd.,Coquimbo,25578,China,41
3369578-0,X,Quinn Holcomb,1-284-604-7638,sociis@yahoo.edu,9410 Fermentum Av.,Puglia,18-51,Norway,43
4999428-1,X,Russell Noble,1-351-601-1725,neque.sed.dictum@protonmail.com,3278 Enim. Rd.,Alberta,6375,New Zealand,34
31912931-6,NIT,Warren Valdez,(111) 357-7161,in.consequat.enim@aol.couk,8678 A Road,Michigan,7819 CQ,Norway,41
26676322-0,NIT,Haley Dyer,(382) 420-1134,primis.in@protonmail.org,Ap #759-9808 Aenean Street,Vestfold og Telemark,411255,Mexico,22
20462637-5,PS,Clark Cleveland,1-813-685-3102,orci.ut.semper@outlook.couk,Ap #281-1216 Dapibus Ave,Pomorskie,682746,Spain,44
27359380-2,X,Zephania Stewart,(672) 617-4720,cras.eu@icloud.ca,Ap #112-1716 Porttitor Rd.,Limpopo,7871,Austria,25
40873882-2,X,Jessica Booth,(245) 373-1228,lacus.vestibulum@google.net,980-2111 Tincidunt Rd.,South Jeolla,3713,Germany,40
31424358-7,TI,Stephen Pena,(795) 252-0271,sem.elit@aol.org,2949 Urna Avenue,Zachodniopomorskie,46-47,Colombia,35
22330700-0,PS,Abbot Mueller,1-785-963-5657,non.quam@icloud.edu,Ap #509-2774 Ut St.,Khyber Pakhtoonkhwa,8381,Brazil,29
36303663-5,TI,Chester Buckner,(536) 430-5454,feugiat.tellus.lorem@protonmail.org,955-1168 Massa. Rd.,Gangwon,308317,Germany,62
36630412-6,X,Tallulah Garza,(799) 468-3849,parturient.montes@outlook.ca,698 Conubia Road,Los Ríos,43-37,Spain,57
27537627-2,TI,Vera Downs,1-781-497-8728,ornare.egestas@hotmail.ca,Ap #817-3801 Nibh Street,Tula Oblast,7394,Pakistan,20
17178120-5,NIT,Sigourney Lee,1-379-885-0730,velit.cras@outlook.net,8885 Mi Road,Midi-Pyrénées,647812,New Zealand,45
47280734-K,TI,Beau White,(658) 413-4298,eu.odio.phasellus@google.net,"P.O. Box 104, 8379 Donec Street",Dadra and Nagar Haveli,587744,Colombia,23
25181383-3,CC,Anastasia Mccoy,(583) 825-3267,inceptos@yahoo.net,Ap #495-8222 Natoque St.,Tamil Nadu,848415,Belgium,50
36340933-4,TI,Fallon Fuller,(650) 435-2444,eleifend.egestas@aol.couk,371-8156 Feugiat Rd.,Tarapacá,9124,Chile,20
18874743-4,NIT,Arsenio Hyde,(455) 996-6342,nulla.eget@icloud.com,4347 Curabitur Rd.,Lagos,4788-3265,United States,21
40777370-5,X,Cleo Cain,(829) 458-7542,sollicitudin@protonmail.com,698-6170 Arcu Street,Puno,4645-1437,Peru,51
778589-5,PS,Ignatius Peck,(953) 282-1119,mi@google.com,"P.O. Box 648, 3891 Dui St.",British Columbia,23342,Italy,60
47863295-9,PS,Thane Newton,1-685-647-3840,imperdiet.ullamcorper@yahoo.org,Ap #917-1614 Sit Rd.,Canarias,8723 VI,Colombia,52
824263-1,CC,Adam Ware,1-684-935-8576,velit.eget.laoreet@yahoo.org,"Ap #593-2734 Et, St.",łódzkie,14557,Ukraine,54
4888308-7,CC,Alice Edwards,1-718-720-8220,lacinia@outlook.org,553-1612 Maecenas Street,Xīběi,A8K 4P8,United States,53
10255605-4,NIT,Lareina Brennan,1-673-268-2413,aliquet.libero@outlook.org,206-2473 Sodales St.,Yorkshire,90145-656,Netherlands,28
29842628-5,NIT,Ahmed Gonzalez,1-234-675-9133,libero.proin@aol.couk,3106 Vestibulum Rd.,Östergötlands län,786,Australia,
42418713-5,PS,Tanner Buchanan,(777) 175-7704,posuere.cubilia@protonmail.com,723-4478 Senectus Avenue,Goiás,63-753,China,
45874526-9,X,Aline Allison,(576) 797-5901,a.felis@protonmail.net,Ap #202-4206 Donec St.,Oslo,231659,Nigeria,
3398114-7,TI,Fiona Drake,1-188-612-4264,duis.elementum@aol.net,"P.O. Box 822, 7246 Augue Road",Maranhão,60228,New Zealand,
29996217-2,X,Kelly Larson,(288) 249-4466,nisl@hotmail.edu,"Ap #368-6296 Vulputate, Street",Northamptonshire,3288-9941,Poland,35
30431846-5,PS,Shafira Robertson,1-371-366-2215,velit.aliquam@aol.edu,"6609 Vel, Av.",Agder,316589,Chile,55
7621245-7,X,Trevor Robertson,1-414-831-8276,elit.erat@icloud.net,Ap #967-9350 Mollis Rd.,Northwest Territories,332712,Costa Rica,35
45130912-9,X,Ishmael Boone,1-166-334-9735,vestibulum.ut@google.edu,"P.O. Box 781, 6938 Leo, Avenue",Vestfold og Telemark,87-985,France,29
30634409-9,NIT,Latifah Bishop,(852) 947-1686,duis.dignissim@hotmail.couk,Ap #974-3932 Sed St.,Saarland,34454,Turkey,
13688427-1,CC,Anika Bishop,1-962-551-3908,hendrerit@protonmail.edu,208-1254 Dolor St.,Balochistan,31272,Australia,35
2088476-2,TI,Gareth Booth,(763) 555-3977,mauris.integer.sem@icloud.com,393-383 Eu Rd.,Munster,S5 3HQ,United States,
24103646-4,TI,Jackson Carney,(730) 685-4656,ullamcorper@aol.ca,640 Molestie Rd.,Bremen,38137,Vietnam,18
19812413-3,X,Signe Sykes,(859) 823-2843,mauris.eu@aol.ca,886-2610 Cras St.,South Gyeongsang,2366 KA,Pakistan,20
31398130-4,CC,Colt Robinson,(626) 833-2698,rhoncus.donec.est@hotmail.net,"P.O. Box 838, 4977 Nulla Av.",Ancash,328394,Spain,20
40192302-0,CC,Ima Ruiz,1-133-989-2167,ipsum.leo@icloud.couk,Ap #829-5616 Adipiscing St.,Connacht,80966,United States,45
48198956-6,PS,Ishmael Franco,1-827-359-8728,ultricies.ornare@icloud.edu,121-8591 Imperdiet St.,Aydın,278854,United States,52
39808424-1,TI,Mollie Christian,1-554-312-2663,diam@outlook.net,Ap #535-3893 Luctus Av.,Troms og Finnmark,89842,India,54
1446897-8,X,Judith Whitley,(668) 788-1871,aliquam.nisl.nulla@yahoo.org,"P.O. Box 770, 3770 Facilisis. Avenue",South Island,32136,France,36
22543509-K,TI,Kelly Gates,1-624-241-5869,eu.tellus@icloud.net,"138-8991 Elit, Avenue",Maule,47-26,Austria,54
33865963-6,TI,Patience Patton,1-373-738-3674,congue.in@outlook.couk,Ap #215-5147 Nunc Street,Lower Austria,219180,Australia,35
33358335-6,CC,Samantha Guzman,1-238-673-9070,augue.ac@aol.ca,"Ap #337-5131 Non, Av.",Mpumalanga,212272,Italy,27
6648613-3,NIT,Jeremy Bray,(730) 881-2810,sapien.molestie@aol.com,875-979 Enim St.,New South Wales,5677,United Kingdom,20
1011748-8,TI,Myles Payne,1-202-835-1812,turpis.nec@hotmail.org,Ap #795-2876 Tristique St.,Sindh,3695,Costa Rica,59
12460387-0,NIT,Daphne Mercer,1-183-348-1022,ligula.donec@yahoo.net,"P.O. Box 796, 1251 Laoreet Avenue",Banffshire,48253,Sweden,30
7217731-2,CC,Linda Thompson,1-660-582-7054,nulla@google.net,Ap #450-2060 Malesuada Rd.,Saarland,48282,Singapore,56
325758-4,X,Demetria Buckley,1-659-621-1315,mauris.elit.dictum@yahoo.org,Ap #260-5529 Proin St.,Bình Định,21-886,Poland,37
24386475-5,NIT,Cameron Randall,(682) 563-4982,duis.sit@icloud.edu,217-9353 Nullam Avenue,Voronezh Oblast,535622,Sweden,36
40691512-3,CC,Cassandra Salazar,(399) 411-5127,elit.dictum@yahoo.couk,9678 Curabitur St.,Eastern Visayas,Z7 4GK,Nigeria,36
28708925-2,PS,Wanda Clayton,1-433-551-7186,non.lorem@yahoo.couk,"P.O. Box 571, 3180 Ipsum. Road",North-East Region,892512,Belgium,32
19988291-0,CC,Sonya Gay,(694) 624-5626,magnis.dis@hotmail.ca,Ap #473-4845 Dapibus St.,North Sumatra,1698,Philippines,44
7384620-K,CC,Clio Gibson,1-344-483-6148,ullamcorper.magna.sed@outlook.ca,"P.O. Box 208, 7168 Id, Avenue",Arunachal Pradesh,51204,Costa Rica,33
9688659-4,CC,Fiona Donaldson,1-185-282-3176,luctus.aliquet@aol.net,"Ap #701-2315 Consectetuer, Road",West Region,41404,Peru,59
2081861-1,NIT,Zachary Gibbs,1-682-341-1277,habitant.morbi@google.ca,3934 Nulla. St.,West Region,6413,Costa Rica,61
23853711-8,NIT,Ishmael Munoz,1-729-656-4121,eu.tellus@outlook.ca,Ap #662-6135 Nec St.,Alberta,5981,Costa Rica,52
11767886-5,PS,Medge Beach,(838) 126-8328,gravida.nunc.sed@yahoo.org,Ap #627-1759 Gravida St.,Texas,224671,France,24
15548530-2,CC,Britanney Head,1-513-489-7767,ornare.facilisis@hotmail.com,155-9533 Felis Street,Brussels Hoofdstedelijk Gewest,456413,Indonesia,25
12563637-3,TI,Inez Fitzgerald,1-540-326-8257,proin.dolor@outlook.net,133-634 Ante. Ave,Xīnán,58755-81722,Singapore,18
6186943-3,PS,Kennan Hooper,(994) 894-4083,neque.sed.eget@hotmail.couk,119-2099 Mattis St.,Bayern,564484,Ireland,55
14544277-K,TI,Maisie Finch,1-353-491-3597,ullamcorper.eu@hotmail.couk,Ap #417-1437 Magnis Av.,Ayrshire,89530,Australia,31
15535767-3,CC,Oleg Spence,(797) 722-2697,egestas.a@outlook.com,Ap #439-2968 Velit. Avenue,Morelos,61220,Ukraine,56
50689563-4,PS,Heidi Moore,1-536-773-8635,ac.turpis.egestas@protonmail.couk,5219 Curabitur Rd.,Noord Holland,883861,South Korea,47
9696209-6,CC,Hamilton Carney,1-722-448-8328,vitae.purus@icloud.edu,Ap #114-8362 Ligula Rd.,Limón,1675 OY,Sweden,22
8717142-6,NIT,Ignatius Rosario,1-997-734-1482,pretium.aliquet.metus@icloud.org,Ap #995-4291 Nisi St.,Loreto,3864,Chile,49
38701441-1,PS,Deirdre Horne,1-215-304-2145,libero@icloud.ca,Ap #113-8620 Diam. Ave,Zhōngnán,6968-5975,Chile,59
4067650-3,TI,Xavier Dale,1-417-915-8516,duis.dignissim@protonmail.net,9263 Velit. St.,Indiana,18753,Netherlands,53
42379807-6,PS,Davis Burks,1-584-477-6964,a@outlook.couk,Ap #973-2335 Magna Avenue,Luhansk oblast,9267,Nigeria,28
27434913-1,TI,Alden Aguilar,(656) 977-5495,orci@hotmail.ca,"616-3696 In, St.",Bangsamoro,217434,Turkey,31
4076252-3,X,Macy Anderson,1-554-503-6825,fermentum.metus@protonmail.couk,533-1880 Nulla Street,Ontario,50201,Mexico,23
2971652-8,NIT,Alyssa Buchanan,(621) 251-6633,suspendisse.ac@icloud.edu,633-2929 Ac Street,Putumayo,5822-6470,Austria,41
23429672-8,NIT,James Willis,(645) 664-7181,a@yahoo.ca,371-4680 Eu St.,Sardegna,5732,Colombia,40
15836410-7,NIT,Galvin Lowe,(819) 492-7423,elit@icloud.net,Ap #628-1831 Aliquam Ave,Lubuskie,9151 IL,United States,55
20933685-5,X,Griffith Wise,1-654-947-2384,phasellus.vitae@aol.com,"P.O. Box 415, 1891 Gravida Avenue",Guanacaste,12357,South Korea,44
24646623-8,NIT,Octavia Austin,(753) 836-8502,dui@protonmail.com,292-1887 Aenean Av.,Western Australia,24433,Mexico,28
30815125-5,X,Jordan Davenport,(566) 271-6089,ac@outlook.com,316-697 Varius. St.,Eastern Cape,24125,Norway,51
42792227-8,PS,Adrienne Ware,(177) 801-7581,dolor.sit@aol.net,523-8893 Inceptos Rd.,Kerala,9887,Ireland,28
45503413-2,CC,Emi Horton,(248) 586-8729,sed.tortor@google.net,Ap #820-7663 Ullamcorper. Av.,Cordillera Administrative Region,25559,Netherlands,32
47550417-8,NIT,Daryl Cardenas,(266) 336-6470,malesuada.id.erat@outlook.ca,"P.O. Box 137, 9865 Interdum Rd.",Gyeonggi,15733,India,59
14707868-4,TI,Hammett Reese,1-985-782-8669,sit@yahoo.com,"P.O. Box 448, 6670 Tellus St.",Junín,38-83,Netherlands,
13797453-3,CC,Linda Saunders,1-581-826-4295,nullam.nisl.maecenas@icloud.edu,"P.O. Box 637, 8868 Euismod Ave",Hessen,304260,United States,34
5604273-3,NIT,Isaiah Hobbs,1-447-445-2716,dui.quis@icloud.ca,Ap #990-115 Feugiat Road,Xīnán,66332,Mexico,46
42217833-3,X,Elmo Barr,(966) 788-4156,vehicula.et.rutrum@icloud.org,Ap #485-5414 Placerat. Av.,La Guajira,15283,Nigeria, 
35658531-3,TI,Darius Conley,(568) 473-0273,egestas.lacinia@hotmail.couk,837-6158 Duis Rd.,Puebla,7366 PJ,Norway,33
37373538-8,CC,Gemma Jacobson,(822) 557-8839,dapibus.gravida@hotmail.org,4382 Morbi Avenue,Ilocos Region,72654,Singapore,21
13784311-0,CC,Brian Larson,1-782-387-4284,donec.nibh@yahoo.org,Ap #615-4909 Fusce Av.,Gilgit Baltistan,49286,Ireland,24
4820481-3,TI,Candice Odom,1-685-366-0647,diam.pellentesque@aol.couk,719-5622 Nunc. Rd.,Guanacaste,59117,Sweden,46
4954183-K,PS,Hilel Stokes,1-469-867-5536,integer.vulputate.risus@protonmail.edu,"Ap #231-9544 Non, Ave",Basilicata,411322,Chile,35
32285487-0,PS,Emery Velasquez,1-952-681-4208,et@icloud.net,"P.O. Box 265, 4099 Phasellus Rd.",Bryansk Oblast,7076,Austria,23
18210271-7,TI,Winifred Santana,1-650-110-1348,montes.nascetur@protonmail.net,868 Phasellus Av.,Saskatchewan,9755,Ireland,62
18102859-9,X,Michael Cabrera,1-783-645-3181,semper@hotmail.ca,9385 Nascetur St.,Khyber Pakhtoonkhwa,4683,Nigeria,56
45524442-0,TI,Ayanna Riley,1-137-526-1104,adipiscing@outlook.org,Ap #345-1004 Nulla Road,Madhya Pradesh,4284,Turkey,33
2633436-5,NIT,Linda Waters,1-653-328-8146,pharetra.ut.pharetra@google.com,579-7611 Ac St.,Namen,2755,Spain,47
49628676-6,NIT,Chadwick Wise,(797) 428-6656,nulla.eget@aol.net,655-657 Malesuada St.,Flevoland,434531,Pakistan,41
43121680-9,NIT,Tamara York,1-434-559-8901,eget.venenatis.a@hotmail.com,9535 Egestas St.,Alajuela,52635,Peru,19
36597631-7,TI,Morgan Woodward,1-964-414-6957,metus.aenean.sed@aol.net,Ap #587-4936 Euismod Ave,Pará,270458,Austria,25
383628-2,TI,Anjolie Rich,(742) 562-3440,duis.sit@protonmail.com,"P.O. Box 425, 7216 Amet, St.",O'Higgins,34-89,South Africa,35
47619519-5,NIT,Grant French,(998) 764-6367,vestibulum@protonmail.ca,"Ap #809-3621 Amet, Av.",New South Wales,96033,India,42
9305127-0,TI,Shay Dickson,(295) 393-5551,at.risus.nunc@google.org,151-2397 Ante Street,Toscana,3724,United Kingdom,22
46919860-K,NIT,Rinah Hicks,1-660-383-2667,sit@outlook.edu,461-3920 Metus Av.,Eastern Cape,8045,Peru,49
20992431-5,NIT,Barbara Richards,1-622-422-7983,nunc@hotmail.edu,3506 Mauris Rd.,Riau Islands,50103,Russian Federation,21
41756564-7,NIT,Melinda Webb,(357) 658-2415,non.lorem@aol.org,Ap #231-3701 Vitae Rd.,Kahramanmaraş,50114,Austria,22
33252283-3,NIT,Hasad Dixon,1-442-189-4707,nec@protonmail.ca,2985 Maecenas Rd.,Ceuta,528164,United Kingdom,25
28684263-1,X,Macon Delgado,1-446-868-3774,vulputate.velit@hotmail.couk,Ap #339-7637 Sit St.,Minas Gerais,60810,Belgium,48
22223206-6,TI,Zoe Ayala,(135) 645-8223,egestas.fusce.aliquet@aol.couk,171-3266 Scelerisque St.,Tabasco,7478,Indonesia,
26631346-2,TI,Leo Wright,(574) 291-1363,ridiculus.mus.proin@outlook.com,466-5525 Ornare St.,North Chungcheong,584625,Germany,41
1548762-3,TI,Chava Howe,1-973-385-1335,quisque@aol.edu,"P.O. Box 361, 8542 Eget, Road",Huáběi,S85 7ZO,Russian Federation,24
45944854-3,TI,Preston Carey,1-473-314-7750,vitae.purus@icloud.org,467-8008 Tellus. Street,Madrid,532164,New Zealand,62
21223367-6,CC,Summer Estes,(422) 368-5336,interdum.nunc.sollicitudin@aol.com,2248 Ipsum St.,North Region,30507,Germany,
23992294-5,CC,Yardley Chapman,(701) 383-2784,et.netus@yahoo.net,8085 Mauris Av.,Piura,44416,Russian Federation,46
25634883-7,CC,Venus Robbins,1-513-362-7183,consequat@outlook.ca,Ap #465-7533 Libero St.,Western Visayas,222,Italy,19
28480763-4,NIT,Gemma Moody,1-134-155-3303,diam.duis.mi@yahoo.ca,Ap #387-5189 Sit Street,FATA,22061,India,46
17186342-2,NIT,Marvin Hanson,(724) 642-2768,sed.eget@google.ca,Ap #318-8853 Sem St.,West Bengal,725712,Singapore,21
34661856-6,PS,Kieran Moses,1-667-275-2884,magna@aol.com,"P.O. Box 503, 334 Rutrum Street",Lorraine,QD13 6BL,Sweden,21
17523192-7,X,Teagan Pitts,1-796-853-6883,odio.auctor@google.edu,"P.O. Box 564, 3433 Mauris. St.",Overijssel,661884,Peru,35
35604542-4,X,Asher Rich,1-966-715-5046,nulla.facilisi.sed@protonmail.net,"5293 Tempor, Rd.",Zachodniopomorskie,21675,Vietnam,26
41252584-1,NIT,Camden Hines,(851) 553-6117,morbi@yahoo.org,Ap #970-9213 Quam Rd.,Abruzzo,37928,Colombia,36
510331-2,NIT,Melissa Rogers,(363) 780-7601,dui.cras@icloud.net,"P.O. Box 609, 4702 Sed St.",Innlandet,3906 HV,India,46
14147503-7,PS,Benjamin Vazquez,(245) 867-4458,nec.metus@icloud.com,Ap #398-3046 Consequat Rd.,Limón,789816,Vietnam,35
29257810-5,PS,Clayton Cross,1-426-885-7267,vel.vulputate@hotmail.net,320-1647 Libero. Ave,Huntingdonshire,7137,India,48
12705437-1,X,Carson Guerra,(237) 154-3024,ut.mi.duis@aol.org,"3660 Et, Ave",Waals-Brabant,6453 XV,Brazil,29
11988450-0,PS,Sonia Baird,1-317-268-5845,quis.diam@icloud.org,5122 At Ave,Tasmania,1845,Ireland,55
45808998-1,TI,Wyatt Schwartz,(998) 582-3438,mauris.ut.mi@icloud.couk,Ap #304-5276 Dapibus St.,Connacht,2621,Australia,50
999383-5,PS,Noah Humphrey,1-343-314-8618,lacus.quisque.purus@hotmail.edu,446-1061 Nisl St.,Puno,MW75 8GQ,Australia,32
26215332-0,TI,Remedios Kelly,1-455-470-5645,dolor@yahoo.couk,196-7387 Cras St.,Caraga,63648,South Korea,38
50941300-2,PS,Walker Nieves,1-784-535-5841,nec@icloud.edu,9156 Mollis St.,North Island,3037,Vietnam,42
13304389-6,TI,Igor Sharp,(259) 337-6381,rhoncus.proin@protonmail.couk,"6388 Montes, Street",South Island,17514,Australia,42
336644-8,PS,Samuel Harris,(725) 985-4612,orci.quis@protonmail.net,"P.O. Box 714, 9357 Dolor Street",Minas Gerais,3654,Indonesia,21
3975954-3,NIT,Edward Lindsay,(351) 312-6092,congue@icloud.edu,818-9543 Duis Rd.,North-East Region,71639,Indonesia,23
24886687-K,NIT,Germaine Barry,1-251-672-4546,dapibus.gravida@outlook.com,"P.O. Box 959, 9047 Nunc Avenue",Ankara,16687,Colombia,61
11427362-7,X,Guinevere Sheppard,1-291-327-6608,nec.malesuada@hotmail.org,4521 Sem Ave,Quebec,3161-6549,Singapore,34
34304958-7,CC,Illana Goodman,1-461-572-7378,vitae@google.net,Ap #186-368 Vitae Av.,KwaZulu-Natal,259,United States,21
47897225-3,X,Oprah Ware,1-818-463-1723,nisi@protonmail.com,Ap #107-7675 Mattis Rd.,Heredia,796532,Sweden,38
26359459-2,PS,Herman Townsend,1-443-856-8724,velit.in@outlook.edu,526-4693 Libero. St.,Tyrol,2805,Ukraine,60
40218505-8,TI,Zachary Bridges,1-386-511-3184,mi@icloud.couk,"152-7088 A, Road",Kyiv oblast,EG5 4GY,United Kingdom,
40271182-5,CC,Nina Johnston,1-563-308-7213,aliquam.arcu.aliquam@outlook.couk,567-2699 Libero Rd.,Lambayeque,72310,New Zealand,60
3117126-1,NIT,Charity Wilkins,1-473-706-5923,suspendisse.sagittis@outlook.ca,Ap #972-3450 Pede St.,Xīběi,448787,South Korea,31
1947556-5,PS,Meredith Cameron,(258) 221-3803,eu.tempor@aol.com,Ap #464-6287 Porttitor Ave,Calabarzon,229228,Poland,58
33633675-9,TI,Keelie Walsh,(314) 336-3164,lorem.ipsum@protonmail.ca,4863 Turpis Av.,Styria,36-38,Turkey,45
25412572-5,X,Mira Bennett,(187) 919-6575,suscipit@outlook.ca,"P.O. Box 393, 6983 Ligula. Rd.",Galicia,77544,Indonesia,53
47466451-1,PS,Stephen Price,(639) 716-4454,tortor.dictum.eu@protonmail.edu,660-7327 Turpis Ave,Gia Lai,368768,Vietnam,62
17643325-6,PS,Sawyer Ewing,1-685-486-4604,suspendisse.sagittis@aol.net,"P.O. Box 876, 7310 Curabitur Av.",Lima,28591,China,28
24790875-7,TI,Reece Kramer,1-594-926-7612,eu.arcu@google.org,955-8890 Tellus St.,Chernivtsi oblast,784124,China,46
47974691-5,TI,Natalie Gibson,(371) 155-5491,imperdiet@protonmail.ca,"Ap #930-2983 Aliquam, Avenue",FATA,404846,France,
1850344-1,TI,Adrian Joseph,1-836-108-5253,tempus.scelerisque@google.ca,Ap #325-768 Est. Road,Nord-Pas-de-Calais,36632,Mexico,37
3551911-4,PS,Keith Ramsey,1-779-850-6050,dui.cras.pellentesque@outlook.com,"P.O. Box 534, 7560 Egestas. Rd.",Bangsamoro,265314,Vietnam,49
43616746-6,TI,Shannon Shaffer,1-711-633-3667,dolor.tempus@protonmail.org,Ap #425-7604 Sagittis Rd.,Nord-Pas-de-Calais,2486,United Kingdom,20
31970739-5,CC,Imani Mejia,1-356-555-7240,nisi.cum.sociis@aol.edu,162 Sem Avenue,Davao Region,9865,New Zealand,33
4179399-6,X,Ferdinand Rios,(657) 593-2228,id@hotmail.edu,755-7930 Ipsum. Av.,Aragón,7641,Mexico,19
22651531-3,X,Anne Casey,(741) 263-1237,non@yahoo.net,626-9469 Interdum Street,South Kalimantan,91721,New Zealand,24
8561642-0,X,Lawrence Cameron,(249) 313-5364,eget.metus.eu@yahoo.ca,"4050 Non, St.",Yukon,586631,Belgium,62
34730125-6,PS,Carly Osborn,1-666-158-2187,egestas.rhoncus.proin@outlook.couk,Ap #182-4000 Est Avenue,North Region,2764,China,51
36721689-1,CC,Eagan Mccarty,1-485-213-5373,sit.amet@aol.couk,Ap #872-5691 Sit Street,Hamburg,53382,Chile,19
1233491-5,X,Jonah Henry,1-851-117-7112,nisl.maecenas@aol.edu,Ap #278-4762 Quam Av.,Mersin,56222,Germany,29
3538878-8,PS,Kim Vinson,1-140-826-6636,turpis.vitae@hotmail.couk,Ap #988-3317 Vivamus Rd.,Quảng Ninh,652233,United States,45
37541978-5,X,Inez Gomez,1-473-624-2792,turpis.nec@yahoo.net,Ap #608-7061 Et Avenue,Principado de Asturias,30671,India,28
22960905-K,TI,Jael Gilliam,(662) 807-8377,mattis@google.org,822-6568 Ut Ave,Salzburg,428148,Russian Federation,55
35158634-6,CC,Denise Sawyer,(665) 630-1093,ac.urna@google.ca,"Ap #225-8046 In, Ave",Lazio,560694,Spain,28
42374122-8,PS,Carson Stein,1-601-778-6783,orci.quis@aol.ca,566-4115 Curabitur Ave,Lima,8828,France,28
1484565-8,NIT,Eaton Vincent,(348) 273-6365,in.molestie.tortor@aol.com,585-1056 Sed Rd.,Ceará,2466 SN,Netherlands,42
3230591-3,PS,Renee Barnes,1-542-284-0348,elit@icloud.ca,734-3921 Molestie Av.,Santa Catarina,28371,Poland,18
15233203-3,X,Donna Moon,(667) 245-2241,imperdiet.nec@hotmail.edu,6796 Non St.,Kogi,33416,Belgium,42
1719281-1,TI,Nora Edwards,1-559-470-7585,ultrices.duis@yahoo.couk,"P.O. Box 917, 9315 Ornare Ave",Dalarnas län,492238,Mexico,41
44212202-4,TI,Tiger Foreman,1-615-866-4337,at.iaculis.quis@google.org,"P.O. Box 451, 8549 Tincidunt St.",Swiętokrzyskie,53504,Vietnam,42
8259949-5,X,Sarah Cline,1-824-644-9503,ornare.lectus@icloud.ca,872-1607 Vitae Av.,Cagayan Valley,2441,Peru,18
4700923-4,X,Mufutau Mack,(586) 530-6282,dui.cum.sociis@icloud.couk,"Ap #667-2742 Posuere, Rd.",Junín,69-37,Vietnam,51
32971885-9,X,Dacey Valencia,1-685-820-4475,fusce.aliquet@google.ca,605-4124 Tincidunt Ave,Veracruz,7504,Turkey,62
14772758-5,X,Valentine William,(781) 888-6431,odio.a@outlook.edu,"2082 Lorem, Ave",Dalarnas län,MX8 3QX,Nigeria,39
325351-K,PS,Tanek Bennett,(320) 457-8783,amet@google.edu,401-2667 Vitae St.,Coahuila,7795,Poland,46
47328518-5,TI,Evelyn Watkins,(225) 463-2430,eleifend.nunc@google.net,365-5418 Sociosqu Rd.,Abruzzo,2711,Peru,24
33129595-7,CC,Violet Garrison,1-661-515-7842,et.nunc@icloud.net,"P.O. Box 875, 5039 Consectetuer, Street",Cao Bằng,S2R 9S1,Netherlands,
8486164-2,TI,Maris Rhodes,1-666-615-1123,nullam.vitae@hotmail.net,Ap #960-3326 Enim. Av.,Calabria,12064-48232,Chile,53
3389261-6,TI,Leonard O'Neill,(325) 822-5684,fermentum.convallis.ligula@hotmail.org,"995 A, Ave",Jigawa,14802,Turkey,30
38580250-1,NIT,Laura Nixon,(991) 329-3835,proin.dolor@icloud.org,Ap #855-3592 Volutpat Road,Valle del Cauca,33685,Philippines,54
5554144-2,TI,Carter Mcintyre,1-143-623-0283,est.nunc@outlook.org,368-1417 Consectetuer Road,Flintshire,85882,Mexico,46
34864405-K,PS,Cynthia Cote,1-434-214-7471,mollis@aol.org,"P.O. Box 169, 1188 Dui, Road",Antwerpen,564580,Poland,26
20528417-6,TI,Nathaniel Adams,(561) 258-5248,ut.ipsum@outlook.ca,"P.O. Box 378, 9253 Nunc. Av.",Gelderland,5534,Turkey,58
41176726-4,PS,Claudia Flores,(718) 466-1361,urna.nullam.lobortis@outlook.ca,516-5736 Enim Street,Sindh,s3R 8G3,Norway,59
29220366-7,NIT,Brendan Workman,(224) 689-6416,massa.vestibulum@hotmail.net,Ap #217-9354 Vitae Road,Connacht,782427,Pakistan,20
41801846-1,X,Rashad Jefferson,(866) 163-8317,mauris@icloud.couk,Ap #992-3745 Est Street,Champagne-Ardenne,94373,Germany,29
33702278-2,CC,Maggy Vega,(407) 748-7356,leo.morbi.neque@icloud.org,731-3215 Adipiscing. St.,Nevada,7443,Pakistan,37
11263196-8,CC,Cameran Randall,(516) 116-7521,tincidunt.nibh@hotmail.ca,Ap #508-6369 Ac Rd.,South Gyeongsang,88971-248,United States,34
44525960-8,PS,Anjolie Donovan,(717) 796-2327,pede@icloud.net,Ap #641-712 Mauris Ave,Jönköpings län,70325,Belgium,25
12470231-3,NIT,Garrison Jensen,(879) 947-5533,conubia@google.net,568-9149 Penatibus Rd.,Quindío,67-697,Australia,25
31373133-2,TI,Nigel Bernard,(213) 272-4284,in.ornare@yahoo.couk,Ap #770-8558 Scelerisque Av.,Belgorod Oblast,B7L 2X2,Norway,40
8252410-K,CC,Ferdinand Langley,(311) 106-6677,ipsum@protonmail.couk,"P.O. Box 669, 9663 Sed Avenue",Zhytomyr oblast,12686,China,24
2625660-7,PS,Lydia Fuentes,1-314-536-0581,tempus.non.lacinia@protonmail.ca,Ap #732-1109 Vitae St.,Donetsk oblast,7034,Norway,45
2811934-8,TI,Solomon Joseph,1-718-677-7365,eu@hotmail.edu,Ap #227-7297 Sodales. St.,Île-de-France,63237,Ukraine,53
1399722-5,TI,Lois Welch,(291) 659-8374,tempor@outlook.net,5278 Luctus St.,Zhōngnán,606292,Turkey,41
40200548-3,X,Philip Parsons,1-453-672-7419,nulla.eu@yahoo.net,670-2435 Netus St.,Ulster,3135,India,60
49297344-0,CC,Hunter Mathis,1-451-866-5284,mauris.sit.amet@google.net,447-7499 Aliquet Street,Guanacaste,86859,South Korea,22
9456192-2,PS,Finn Spears,1-903-368-1762,placerat.velit@aol.net,886-8320 Ac Road,Ninh Bình,61372,Philippines,
12856301-6,TI,Davis Stanton,1-922-851-6686,egestas.sed@outlook.net,Ap #401-5935 Curabitur Rd.,Texas,346828,Germany,
32653-7,PS,Marny Howell,(621) 610-4343,lectus@protonmail.net,147-4613 Purus. Road,Nova Scotia,L8H 7C4,Costa Rica,
37209296-3,CC,Sawyer Deleon,1-746-825-5675,ipsum.porta.elit@protonmail.net,Ap #498-168 Pellentesque Av.,South Island,87-52,Peru,58
4932190-2,TI,Constance Joyner,1-786-735-4133,iaculis.odio.nam@outlook.ca,4766 Est. Road,North Sulawesi,3382-9390,Belgium,46
9132468-7,CC,Tatum Lamb,1-405-381-4689,nisi@icloud.ca,Ap #256-2696 Sed Street,Los Lagos,4255 TW,Australia,
36244-6,PS,Gil Rice,(344) 585-8627,nunc.ullamcorper@icloud.com,874-1844 Mauris St.,Chernivtsi oblast,35-167,Russian Federation,29
32108257-2,CC,Tanek Lyons,(396) 678-6567,magna.praesent@aol.net,"P.O. Box 554, 9190 Dis St.",Puno,712632,South Africa,
446367-2,X,Jamalia Whitley,1-662-821-5216,morbi.accumsan.laoreet@yahoo.edu,823-6573 A St.,Umbria,28344-20364,South Africa,
39178884-7,CC,Briar Tyson,1-141-545-0270,tempus.mauris.erat@hotmail.com,Ap #428-1905 Pellentesque Ave,Connacht,5764,Ireland,
6920424-4,TI,Ronan Benjamin,1-452-563-1371,lobortis.quam@aol.edu,756-6749 Amet St.,Baden Württemberg,3833-8745,Peru,40
36779-2,PS,Olivia Velasquez,(351) 514-9582,non.feugiat@protonmail.edu,"P.O. Box 329, 7213 A, Rd.",Putumayo,75-545,Ukraine,
7503609-4,CC,Chaim Cooke,1-291-534-4507,donec.tempus@hotmail.couk,904-7800 Imperdiet St.,Kayseri,612384,Australia,
30326850-2,TI,Ursula Knapp,(280) 882-2852,eu.dui@aol.com,482-5741 Adipiscing Avenue,Arica y Parinacota,284354,Philippines,
915327-4,PS,Kelly Duncan,(453) 866-2507,non.nisi.aenean@google.ca,Ap #367-696 Morbi Avenue,Swiętokrzyskie,6160,Peru,
14999624-9,NIT,Raja Dawson,1-343-956-9202,nulla.aliquet@icloud.couk,"P.O. Box 394, 1643 Tortor. Street",Antioquia,7188,South Africa,56
10786993-K,X,Cynthia Levy,(944) 288-6627,ut@google.net,"952-1156 Elit, Street",Noord Holland,04521-55238,Mexico,
45656437-2,TI,Ira Hogan,1-150-983-3217,blandit.mattis@protonmail.couk,393-6631 Nulla St.,Cordillera Administrative Region,732795,Sweden,53
17260800-0,TI,Ashely Sanford,1-112-566-6685,vel.venenatis.vel@outlook.ca,6031 Sed Rd.,Saratov Oblast,31211,Philippines,44
959528-7,PS,Ruth Gamble,1-941-495-4116,lobortis@google.ca,172-7257 Dignissim Avenue,Minas Gerais,48286,Singapore,60
41325822-7,NIT,Victoria Lang,(425) 780-2429,dis.parturient@google.ca,Ap #449-5790 Vitae Ave,Maranhão,5587 IK,India,20
43557866-7,CC,Kiara Campos,(516) 681-7885,mollis.vitae@hotmail.ca,460-4047 Vel St.,Nagaland,50111,China,18
2532167-7,PS,Linus Salinas,(961) 451-5127,libero.at.auctor@outlook.org,484-2304 Quisque Road,Noord Brabant,27177,Canada,51
26120-9,X,Elmo French,1-802-358-2558,nec.orci@yahoo.couk,"544-9698 Lorem, Avenue",Southeast Sulawesi,26856,Indonesia,54
11369985-K,X,Eaton Mejia,(133) 631-2724,eget.laoreet@aol.net,Ap #201-8742 Torquent Ave,Noord Holland,12261,Philippines,32
15617873-K,PS,Hyatt Marquez,1-164-237-1848,consequat.enim@yahoo.ca,522-709 Dolor Road,Antofagasta,311743,India,40
12147230-9,X,Roary Hale,(256) 226-7907,enim@aol.edu,154-1588 Placerat St.,Flevoland,35212,Belgium,35
3280433-0,TI,Cameran Serrano,1-553-174-2267,eu@outlook.org,790-6766 Quisque Ave,Australian Capital Territory,20546,Russian Federation,
42998205-7,NIT,Lareina Davis,1-262-417-4480,neque.non@hotmail.couk,8584 Mi Avenue,Limburg,36703,Peru,52
17596628-5,TI,Nelle Winters,(622) 386-2250,ut.tincidunt.vehicula@outlook.ca,"P.O. Box 397, 5668 Quisque Road",Manitoba,4600,Nigeria,25
25412572-5,X,Mira Bennett,(187) 919-6575,suscipit@outlook.ca,"P.O. Box 393, 6983 Ligula. Rd.",Galicia,77544,Indonesia,53
47466451-1,PS,Stephen Price,(639) 716-4454,tortor.dictum.eu@protonmail.edu,660-7327 Turpis Ave,Gia Lai,368768,Vietnam,62
17643325-6,PS,Sawyer Ewing,1-685-486-4604,suspendisse.sagittis@aol.net,"P.O. Box 876, 7310 Curabitur Av.",Lima,28591,China,28
24790875-7,TI,Reece Kramer,1-594-926-7612,eu.arcu@google.org,955-8890 Tellus St.,Chernivtsi oblast,784124,China,46
47974691-5,TI,Natalie Gibson,(371) 155-5491,imperdiet@protonmail.ca,"Ap #930-2983 Aliquam, Avenue",FATA,404846,France,
1850344-1,TI,Adrian Joseph,1-836-108-5253,tempus.scelerisque@google.ca,Ap #325-768 Est. Road,Nord-Pas-de-Calais,36632,Mexico,37
3551911-4,PS,Keith Ramsey,1-779-850-6050,dui.cras.pellentesque@outlook.com,"P.O. Box 534, 7560 Egestas. Rd.",Bangsamoro,265314,Vietnam,49
43616746-6,TI,Shannon Shaffer,1-711-633-3667,dolor.tempus@protonmail.org,Ap #425-7604 Sagittis Rd.,Nord-Pas-de-Calais,2486,United Kingdom,20
31970739-5,CC,Imani Mejia,1-356-555-7240,nisi.cum.sociis@aol.edu,162 Sem Avenue,Davao Region,9865,New Zealand,33
4179399-6,X,Ferdinand Rios,(657) 593-2228,id@hotmail.edu,755-7930 Ipsum. Av.,Aragón,7641,Mexico,19
22651531-3,X,Anne Casey,(741) 263-1237,non@yahoo.net,626-9469 Interdum Street,South Kalimantan,91721,New Zealand,24
8561642-0,X,Lawrence Cameron,(249) 313-5364,eget.metus.eu@yahoo.ca,"4050 Non, St.",Yukon,586631,Belgium,62
34730125-6,PS,Carly Osborn,1-666-158-2187,egestas.rhoncus.proin@outlook.couk,Ap #182-4000 Est Avenue,North Region,2764,China,51
36721689-1,CC,Eagan Mccarty,1-485-213-5373,sit.amet@aol.couk,Ap #872-5691 Sit Street,Hamburg,53382,Chile,19
1233491-5,X,Jonah Henry,1-851-117-7112,nisl.maecenas@aol.edu,Ap #278-4762 Quam Av.,Mersin,56222,Germany,29
3538878-8,PS,Kim Vinson,1-140-826-6636,turpis.vitae@hotmail.couk,Ap #988-3317 Vivamus Rd.,Quảng Ninh,652233,United States,45
37541978-5,X,Inez Gomez,1-473-624-2792,turpis.nec@yahoo.net,Ap #608-7061 Et Avenue,Principado de Asturias,30671,India,28
22960905-K,TI,Jael Gilliam,(662) 807-8377,mattis@google.org,822-6568 Ut Ave,Salzburg,428148,Russian Federation,55
35158634-6,CC,Denise Sawyer,(665) 630-1093,ac.urna@google.ca,"Ap #225-8046 In, Ave",Lazio,560694,Spain,28
42374122-8,PS,Carson Stein,1-601-778-6783,orci.quis@aol.ca,566-4115 Curabitur Ave,Lima,8828,France,28
1484565-8,NIT,Eaton Vincent,(348) 273-6365,in.molestie.tortor@aol.com,585-1056 Sed Rd.,Ceará,2466 SN,Netherlands,42
3230591-3,PS,Renee Barnes,1-542-284-0348,elit@icloud.ca,734-3921 Molestie Av.,Santa Catarina,28371,Poland,18
4932190-2,TI,Constance Joyner,1-786-735-4133,iaculis.odio.nam@outlook.ca,4766 Est. Road,North Sulawesi,3382-9390,Belgium,46
9132468-7,CC,Tatum Lamb,1-405-381-4689,nisi@icloud.ca,Ap #256-2696 Sed Street,Los Lagos,4255 TW,Australia,
36244-6,PS,Gil Rice,(344) 585-8627,nunc.ullamcorper@icloud.com,874-1844 Mauris St.,Chernivtsi oblast,35-167,Russian Federation,29
32108257-2,CC,Tanek Lyons,(396) 678-6567,magna.praesent@aol.net,"P.O. Box 554, 9190 Dis St.",Puno,712632,South Africa,
446367-2,X,Jamalia Whitley,1-662-821-5216,morbi.accumsan.laoreet@yahoo.edu,823-6573 A St.,Umbria,28344-20364,South Africa,
39178884-7,CC,Briar Tyson,1-141-545-0270,tempus.mauris.erat@hotmail.com,Ap #428-1905 Pellentesque Ave,Connacht,5764,Ireland,
1484565-8,NIT,Eaton Vincent,(348) 273-6365,in.molestie.tortor@aol.com,585-1056 Sed Rd.,Ceará,2466 SN,Netherlands,42
3230591-3,PS,Renee Barnes,1-542-284-0348,elit@icloud.ca,734-3921 Molestie Av.,Santa Catarina,28371,Poland,18
15233203-3,X,Donna Moon,(667) 245-2241,imperdiet.nec@hotmail.edu,6796 Non St.,Kogi,33416,Belgium,42
1719281-1,TI,Nora Edwards,1-559-470-7585,ultrices.duis@yahoo.couk,"P.O. Box 917, 9315 Ornare Ave",Dalarnas län,492238,Mexico,41
44212202-4,TI,Tiger Foreman,1-615-866-4337,at.iaculis.quis@google.org,"P.O. Box 451, 8549 Tincidunt St.",Swiętokrzyskie,53504,Vietnam,42
8259949-5,X,Sarah Cline,1-824-644-9503,ornare.lectus@icloud.ca,872-1607 Vitae Av.,Cagayan Valley,2441,Peru,18
4700923-4,X,Mufutau Mack,(586) 530-6282,dui.cum.sociis@icloud.couk,"Ap #667-2742 Posuere, Rd.",Junín,69-37,Vietnam,51
32971885-9,X,Dacey Valencia,1-685-820-4475,fusce.aliquet@google.ca,605-4124 Tincidunt Ave,Veracruz,7504,Turkey,62
14772758-5,X,Valentine William,(781) 888-6431,odio.a@outlook.edu,"2082 Lorem, Ave",Dalarnas län,MX8 3QX,Nigeria,39
325351-K,PS,Tanek Bennett,(320) 457-8783,amet@google.edu,401-2667 Vitae St.,Coahuila,7795,Poland,46
47328518-5,TI,Evelyn Watkins,(225) 463-2430,eleifend.nunc@google.net,365-5418 Sociosqu Rd.,Abruzzo,2711,Peru,24
33129595-7,CC,Violet Garrison,1-661-515-7842,et.nunc@icloud.net,"P.O. Box 875, 5039 Consectetuer, Street",Cao Bằng,S2R 9S1,Netherlands,
8486164-2,TI,Maris Rhodes,1-666-615-1123,nullam.vitae@hotmail.net,Ap #960-3326 Enim. Av.,Calabria,12064-48232,Chile,53
3389261-6,TI,Leonard O'Neill,(325) 822-5684,fermentum.convallis.ligula@hotmail.org,"995 A, Ave",Jigawa,14802,Turkey,30
38580250-1,NIT,Laura Nixon,(991) 329-3835,proin.dolor@icloud.org,Ap #855-3592 Volutpat Road,Valle del Cauca,33685,Philippines,54
5554144-2,TI,Carter Mcintyre,1-143-623-0283,est.nunc@outlook.org,368-1417 Consectetuer Road,Flintshire,85882,Mexico,46
34864405-K,PS,Cynthia Cote,1-434-214-7471,mollis@aol.org,"P.O. Box 169, 1188 Dui, Road",Antwerpen,564580,Poland,26
20528417-6,TI,Nathaniel Adams,(561) 258-5248,ut.ipsum@outlook.ca,"P.O. Box 378, 9253 Nunc. Av.",Gelderland,5534,Turkey,58
41176726-4,PS,Claudia Flores,(718) 466-1361,urna.nullam.lobortis@outlook.ca,516-5736 Enim Street,Sindh,s3R 8G3,Norway,59
