id,nombre,apellido,email,genero,valor_tx,numero_identificacion,tipo_identificacion
1,Freddi,Giffaut,fgiffaut0@answers.com,Female,"$104,571.16 ",232219919,CC
2,Emmie,Simone,esimone1@arstechnica.com,Female,"$260,057.30 ",359867238,PP
3,Riley,Haack,rhaack2@ezinearticles.com,Male,"$463,707.55 ",966156703,PP
4,Libby,Hurle,lhurle3@guardian.co.uk,Female,"$766,231.08 ",814981127,IT
5,Marcia,Siddaley,msiddaley4@photobucket.com,Female,"$261,899.95 ",820247909,PP
6,Gerome,Sanderson,gsanderson5@auda.org.au,Male,"$231,576.74 ",1016202605,PP
7,Lizette,Rubinovici,lrubinovici6@dagondesign.com,Female,"$171,921.05 ",807161723,CC
8,Rosaleen,Penn,rpenn7@1688.com,Female,"$109,749.71 ",44353508,PP
9,Datha,Lineham,dlineham8@google.com.hk,Female,"$642,181.19 ",535396553,PP
10,Rudd,Danilyak,rdanilyak9@msu.edu,Male,"$961,434.53 ",801736488,IT
11,Wallace,Lehrian,wlehriana@shinystat.com,Male,"$433,652.68 ",7594939,IT
12,Gwennie,Pencost,gpencostb@blogs.com,Female,"$109,955.23 ",294668448,CC
13,Gerhard,Glasspool,gglasspoolc@usgs.gov,Male,"$203,866.47 ",1032194052,CC
14,Biron,Shoemark,bshoemarkd@nih.gov,Male,"$303,145.06 ",312509480,IT
15,Jedediah,Venables,jvenablese@pbs.org,Male,"$255,781.61 ",36583356,IT
16,Kissee,Menichi,kmenichif@ebay.com,Female,"$869,849.09 ",924432680,CC
17,Prudi,Bruyet,pbruyetg@eventbrite.com,Female,"$336,610.86 ",800045635,IT
18,Codi,Stollmeyer,cstollmeyerh@apache.org,Male,"$638,927.94 ",938575934,PP
19,Mavis,Hansbury,mhansburyi@constantcontact.com,Female,"$978,363.10 ",1000339264,IT
20,Hilliard,Stable,hstablej@gizmodo.com,Male,"$742,735.82 ",486097457,IT
21,Darrel,Burdikin,dburdikink@nsw.gov.au,Male,"$876,838.87 ",782664343,IT
22,Thurston,Stringman,tstringmanl@simplemachines.org,Male,"$326,807.84 ",926152906,IT
23,Ingrim,Brenston,ibrenstonm@last.fm,Male,"$719,899.78 ",514910896,IT
24,Pavla,Elby,pelbyn@upenn.edu,Female,"$199,793.78 ",352149608,IT
25,Margeaux,Muston,mmustono@t.co,Female,"$168,596.77 ",807866364,PP
26,Dewitt,Hissett,dhissettp@wikimedia.org,Male,"$834,971.47 ",637893770,PP
27,Fawn,Bugdale,fbugdaleq@yellowpages.com,Female,"$478,640.60 ",697033906,CC
28,Lacy,Ogborne,logborner@google.com,Female,"$634,498.32 ",867219188,PP
29,Tommie,Rikard,trikards@themeforest.net,Female,"$782,373.04 ",1006378668,IT
30,Teddi,Newing,tnewingt@myspace.com,Female,"$447,526.72 ",34775147,CC
31,Derrick,Pitherick,dpithericku@t-online.de,Male,"$859,307.31 ",34275698,CC
32,Demetri,Mouser,dmouserv@wp.com,Male,"$674,798.74 ",266926594,IT
33,Hebert,Vickress,hvickressw@washington.edu,Male,"$294,870.47 ",345630125,PP
34,Ruggiero,Sidary,rsidaryx@so-net.ne.jp,Male,"$463,249.25 ",283214020,PP
35,Diena,Fance,dfancey@wordpress.com,Female,"$806,009.76 ",203589428,IT
36,Ajay,Hall-Gough,ahallgoughz@auda.org.au,Female,"$548,613.00 ",473028942,PP
37,Nicole,Rebichon,nrebichon10@bluehost.com,Female,"$516,229.54 ",818431888,IT
38,Jerri,Cunnow,jcunnow11@fastcompany.com,Male,"$749,210.00 ",121604669,CC
39,Filia,Abrehart,fabrehart12@google.com,Female,"$122,846.36 ",931037397,PP
40,Tailor,O'Brogan,tobrogan13@alexa.com,Male,"$602,398.05 ",283395744,CC
41,Levin,Conquer,lconquer14@pcworld.com,Male,"$880,753.53 ",881394353,CC
42,Rodie,Noar,rnoar15@comcast.net,Female,"$994,210.45 ",149510000,PP
43,Felice,Rouch,frouch16@livejournal.com,Female,"$251,968.15 ",227913580,CC
44,Celle,Revely,crevely17@pinterest.com,Female,"$429,022.03 ",445616419,CC
45,Carmelina,Richardt,crichardt18@wunderground.com,Female,"$629,075.78 ",326576099,CC
46,Paulina,Heales,pheales19@blogspot.com,Female,"$249,777.05 ",738201785,PP
47,Zak,Sabate,zsabate1a@jiathis.com,Male,"$293,907.58 ",972398442,PP
48,Abey,Diamond,adiamond1b@symantec.com,Male,"$341,451.73 ",1021035397,IT
49,Noll,Farncomb,nfarncomb1c@soundcloud.com,Male,"$900,174.25 ",301334798,IT
50,Neda,Crossdale,ncrossdale1d@com.com,Female,"$961,708.44 ",681647132,CC
51,Cly,Shama,cshama1e@mozilla.com,Male,"$526,435.94 ",149723141,PP
52,Lawry,Baise,lbaise1f@wisc.edu,Male,"$701,387.68 ",86255211,PP
53,Reagen,Jillitt,rjillitt1g@exblog.jp,Male,"$198,845.45 ",418454941,PP
54,Felita,Hansemann,fhansemann1h@clickbank.net,Female,"$380,571.61 ",974485035,PP
55,Joanna,Olsson,jolsson1i@un.org,Female,"$205,804.02 ",379445528,PP
56,Sadella,Embery,sembery1j@engadget.com,Female,"$245,063.30 ",754397895,IT
57,Ruby,Quiddihy,rquiddihy1k@phpbb.com,Female,"$953,420.10 ",338044783,PP
58,Ariana,Gambles,agambles1l@comcast.net,Female,"$364,374.78 ",425284747,IT
59,Benedetta,Gyde,bgyde1m@vinaora.com,Female,"$508,209.18 ",210090312,CC
60,Zsazsa,Braidley,zbraidley1n@bravesites.com,Female,"$441,256.26 ",568157880,CC
61,Elia,Vedenyapin,evedenyapin1o@histats.com,Male,"$821,628.03 ",464746874,PP
62,Blane,Dumini,bdumini1p@soup.io,Male,"$873,763.86 ",202612738,PP
63,Martainn,Hebblethwaite,mhebblethwaite1q@fema.gov,Male,"$163,717.44 ",279316832,IT
64,Juieta,O'Brian,jobrian1r@tripadvisor.com,Female,"$966,831.35 ",405904634,IT
65,Shelba,Fealy,sfealy1s@hexun.com,Female,"$942,271.97 ",863211358,CC
66,Courtnay,Ryce,cryce1t@cbslocal.com,Female,"$516,201.60 ",765563670,IT
67,Duncan,Boshell,dboshell1u@ox.ac.uk,Male,"$836,072.92 ",734294475,CC
68,Duff,Bambury,dbambury1v@ucoz.ru,Male,"$242,822.74 ",488455369,IT
69,Eyde,Takos,etakos1w@salon.com,Female,"$113,720.52 ",770884666,IT
70,Byram,Buggs,bbuggs1x@a8.net,Male,"$495,254.78 ",272831162,PP
71,Bridie,Steed,bsteed1y@liveinternet.ru,Female,"$257,493.61 ",177630676,CC
72,Ev,Jindacek,ejindacek1z@hostgator.com,Male,"$636,056.68 ",552109213,PP
73,Ulysses,Lummis,ulummis20@merriam-webster.com,Male,"$212,601.22 ",614196244,CC
74,Muffin,Smeeton,msmeeton21@amazon.de,Female,"$691,358.01 ",1035885382,IT
75,Ula,Pounsett,upounsett22@wordpress.org,Female,"$379,934.22 ",879374439,IT
76,Mirna,Ferneyhough,mferneyhough23@who.int,Female,"$138,179.81 ",649134632,IT
77,Doralia,Moubray,dmoubray24@vinaora.com,Female,"$289,156.51 ",302437423,IT
78,Benoit,Gerring,bgerring25@ask.com,Male,"$934,431.78 ",184046728,PP
79,Greg,Jiruca,gjiruca26@plala.or.jp,Male,"$467,259.15 ",650982510,IT
80,Corbie,Pickerin,cpickerin27@icio.us,Male,"$394,250.42 ",38599951,PP
81,Norry,Wink,nwink28@canalblog.com,Female,"$381,016.28 ",790703237,PP
82,Ranee,Pym,rpym29@qq.com,Female,"$499,607.62 ",121107638,CC
83,Chevy,Collington,ccollington2a@paypal.com,Male,"$846,913.32 ",162462224,CC
84,Norton,Sacchetti,nsacchetti2b@admin.ch,Male,"$471,099.79 ",122441000,CC
85,Fay,Cardenas,fcardenas2c@examiner.com,Female,"$988,009.42 ",233227516,CC
86,Torrin,Stitch,tstitch2d@shareasale.com,Male,"$517,093.39 ",318886169,CC
87,Thadeus,Gouthier,tgouthier2e@barnesandnoble.com,Male,"$493,974.94 ",328115235,PP
88,Riva,Ajam,rajam2f@columbia.edu,Female,"$442,053.19 ",623549634,CC
89,Lacie,Janaszewski,ljanaszewski2g@ucoz.ru,Female,"$819,562.03 ",193470208,PP
90,Conrado,Taylorson,ctaylorson2h@timesonline.co.uk,Male,"$610,580.79 ",679393881,IT
91,Lela,Ivanishin,livanishin2i@mail.ru,Female,"$423,143.44 ",35708900,CC
92,Nona,Pic,npic2j@auda.org.au,Female,"$280,580.02 ",707444373,CC
93,Nannette,Mattes,nmattes2k@tiny.cc,Female,"$717,142.29 ",105908412,CC
94,Sioux,Cramb,scramb2l@simplemachines.org,Female,"$887,996.51 ",224724592,CC
95,Alanah,Pea,apea2m@sitemeter.com,Female,"$683,203.04 ",657929220,PP
96,Sydel,Meckiff,smeckiff2n@google.ru,Female,"$251,347.83 ",72679296,PP
97,Debbi,Disman,ddisman2o@google.co.uk,Female,"$429,162.81 ",965836546,CC
98,Yvonne,Grealey,ygrealey2p@hc360.com,Female,"$643,607.17 ",1039405846,PP
99,Regan,Eburah,reburah2q@unblog.fr,Male,"$621,117.36 ",419037926,PP
100,Jeana,Derdes,jderdes2r@vistaprint.com,Female,"$764,306.46 ",93085805,PP
101,Lincoln,Duester,lduester2s@craigslist.org,Male,"$494,330.05 ",371856485,CC
102,Coralyn,McLagan,cmclagan2t@about.me,Female,"$472,684.64 ",786406267,IT
103,Frannie,Cochern,fcochern2u@tripadvisor.com,Female,"$440,498.83 ",358871057,CC
104,Ernest,Mehaffey,emehaffey2v@stumbleupon.com,Male,"$857,248.24 ",788355072,CC
105,Royal,Vigers,rvigers2w@archive.org,Male,"$439,364.46 ",530031954,PP
106,Alexandra,Leedal,aleedal2x@baidu.com,Female,"$325,595.07 ",315259997,PP
107,Joanna,McGinley,jmcginley2y@hibu.com,Female,"$682,570.51 ",562116008,IT
108,Herta,Reckus,hreckus2z@google.cn,Female,"$986,429.94 ",411641725,IT
109,Rickard,Sambrook,rsambrook30@smh.com.au,Male,"$411,422.08 ",728405394,PP
110,Silvia,Orviss,sorviss31@mail.ru,Female,"$413,258.97 ",734567666,PP
111,Sancho,Sygrove,ssygrove32@blogtalkradio.com,Male,"$956,301.14 ",749844723,IT
112,Barrett,Tippin,btippin33@meetup.com,Male,"$235,903.89 ",192310070,IT
113,Rita,Ceaser,rceaser34@plala.or.jp,Female,"$119,541.70 ",273160582,CC
114,Maggy,Annandale,mannandale35@shop-pro.jp,Female,"$176,590.54 ",372066415,PP
115,Merlina,Haggarty,mhaggarty36@netlog.com,Female,"$743,632.06 ",908874957,CC
116,Nikkie,Squeers,nsqueers37@vk.com,Female,"$779,909.25 ",146270155,CC
117,Curcio,Habbes,chabbes38@howstuffworks.com,Male,"$693,006.21 ",892384067,PP
118,Kori,Click,kclick39@ebay.co.uk,Female,"$333,104.57 ",430519188,IT
119,Homere,Andree,handree3a@printfriendly.com,Male,"$510,491.15 ",1004392979,IT
120,Huntington,Akrigg,hakrigg3b@hhs.gov,Male,"$123,005.02 ",420959995,CC
121,Alica,Conti,aconti3c@goodreads.com,Female,"$915,604.84 ",82673607,CC
122,Chrystel,Marsay,cmarsay3d@noaa.gov,Female,"$735,414.28 ",582993064,IT
123,Lian,De Witt,ldewitt3e@archive.org,Female,"$404,869.62 ",123852133,PP
124,Curry,Fewlass,cfewlass3f@ezinearticles.com,Male,"$150,799.67 ",452448723,IT
125,Terry,Youson,tyouson3g@about.com,Female,"$168,591.23 ",677976979,CC
126,Chryste,Ellsbury,cellsbury3h@irs.gov,Female,"$944,389.21 ",279626447,PP
127,Vivienne,McAree,vmcaree3i@usgs.gov,Female,"$601,849.61 ",168599014,PP
128,Natasha,Stapels,nstapels3j@hao123.com,Female,"$184,222.69 ",733173300,PP
129,Vanya,Howselee,vhowselee3k@joomla.org,Male,"$902,217.91 ",1006799631,CC
130,Sheilah,Larenson,slarenson3l@imgur.com,Female,"$257,479.25 ",1003592984,CC
131,Locke,Thurling,lthurling3m@ifeng.com,Male,"$608,164.26 ",244039650,CC
132,Natale,Penhaleurack,npenhaleurack3n@skyrock.com,Male,"$983,039.03 ",319121421,CC
133,Izabel,Bollum,ibollum3o@youtube.com,Female,"$388,295.70 ",463231346,IT
134,Putnam,Sibbson,psibbson3p@chronoengine.com,Male,"$829,282.13 ",837955262,PP
135,Christina,Rimell,crimell3q@people.com.cn,Female,"$124,356.78 ",264460682,IT
136,Cher,Studd,cstudd3r@aol.com,Female,"$871,797.72 ",162902068,IT
137,Joyous,Tonbye,jtonbye3s@tmall.com,Female,"$338,055.41 ",394940325,PP
138,Abigale,Sparkwill,asparkwill3t@soundcloud.com,Female,"$449,177.03 ",496299807,IT
139,Earl,Cleare,ecleare3u@tuttocitta.it,Male,"$152,507.11 ",807070056,IT
140,Sergeant,Ickovits,sickovits3v@dailymotion.com,Male,"$579,861.48 ",25534628,CC
141,Merci,Pennock,mpennock3w@yellowbook.com,Female,"$487,638.55 ",585329509,PP
142,Debi,Kerrigan,dkerrigan3x@smh.com.au,Female,"$676,698.37 ",33510621,IT
143,Brod,McLaine,bmclaine3y@taobao.com,Male,"$507,402.68 ",903452909,IT
144,Brear,Hebblewaite,bhebblewaite3z@economist.com,Female,"$511,481.54 ",1046165244,IT
145,George,Ladyman,gladyman40@twitter.com,Female,"$656,927.39 ",402781726,IT
146,Hughie,Gumly,hgumly41@sohu.com,Male,"$480,082.75 ",714599139,IT
147,Reinhold,Hendrikse,rhendrikse42@yale.edu,Male,"$427,030.68 ",841230305,PP
148,Taber,Graben,tgraben43@w3.org,Male,"$415,236.92 ",453023338,PP
149,Astrix,Yakobowitz,ayakobowitz44@taobao.com,Female,"$334,365.65 ",595507922,CC
150,Sylvan,Terzza,sterzza45@columbia.edu,Male,"$436,906.23 ",1039305299,CC
151,Elka,Rospars,erospars46@unicef.org,Female,"$308,110.83 ",144164846,CC
152,Brynne,Spritt,bspritt47@time.com,Female,"$919,596.04 ",211019605,PP
153,Dorthea,Moakson,dmoakson48@godaddy.com,Female,"$369,530.61 ",250114948,IT
154,Brannon,Peteri,bpeteri49@github.com,Male,"$461,190.60 ",232467788,CC
155,Stepha,Bysouth,sbysouth4a@shinystat.com,Female,"$290,327.51 ",189837100,IT
156,Frasier,Kelly,fkelly4b@ow.ly,Male,"$233,263.77 ",169053830,CC
157,Griselda,Govini,ggovini4c@icio.us,Female,"$296,505.16 ",220806302,CC
158,Artair,Spens,aspens4d@theatlantic.com,Male,"$535,165.69 ",6853399,PP
159,Ninetta,Kay,nkay4e@nature.com,Female,"$640,828.65 ",418958127,IT
160,Marsha,Rubinowicz,mrubinowicz4f@feedburner.com,Female,"$480,810.61 ",413729406,PP
161,Conrad,Birchenhead,cbirchenhead4g@reddit.com,Male,"$703,065.07 ",105375132,CC
162,May,Batchan,mbatchan4h@globo.com,Female,"$382,822.87 ",762986924,CC
163,Vanda,Staig,vstaig4i@shutterfly.com,Female,"$834,838.70 ",657497593,IT
164,Prince,Rudyard,prudyard4j@tripadvisor.com,Male,"$452,347.50 ",320448433,IT
165,Alejandra,Swindley,aswindley4k@walmart.com,Female,"$911,084.07 ",1049631586,CC
166,Lottie,Borrill,lborrill4l@yelp.com,Female,"$410,315.09 ",752516208,CC
167,Garnet,Crowther,gcrowther4m@about.me,Female,"$399,155.02 ",807816297,IT
168,Ray,Altree,raltree4n@foxnews.com,Female,"$417,996.25 ",962735051,PP
169,Tod,Mirrlees,tmirrlees4o@comsenz.com,Male,"$496,306.75 ",247607004,CC
170,Waylon,Gerardin,wgerardin4p@imdb.com,Male,"$253,520.88 ",366032412,IT
171,Eadmund,Talby,etalby4q@goo.gl,Male,"$424,598.48 ",128263042,IT
172,Rani,MacGiolla,rmacgiolla4r@bizjournals.com,Female,"$736,694.54 ",340733815,CC
173,Augy,Martinovic,amartinovic4s@boston.com,Male,"$623,906.50 ",517752702,CC
174,Carey,Cairns,ccairns4t@delicious.com,Male,"$542,253.18 ",643138748,PP
175,Galven,Frigout,gfrigout4u@digg.com,Male,"$296,315.57 ",878359716,IT
176,Noella,Lant,nlant4v@sciencedirect.com,Female,"$230,921.12 ",658114539,CC
177,Kendre,Shiril,kshiril4w@myspace.com,Female,"$668,806.72 ",92730292,CC
178,Editha,Buy,ebuy4x@nymag.com,Female,"$154,659.91 ",88086046,PP
179,Fran,Juleff,fjuleff4y@gnu.org,Male,"$838,724.65 ",269472336,IT
180,Lon,Ingliss,lingliss4z@soundcloud.com,Male,"$482,079.66 ",993683603,PP
181,Fernanda,Kelleher,fkelleher50@joomla.org,Female,"$835,950.35 ",685121252,IT
182,Josy,Courtonne,jcourtonne51@amazon.co.jp,Female,"$172,347.48 ",847168720,CC
183,Berton,Pedrollo,bpedrollo52@nasa.gov,Male,"$343,536.19 ",732555204,PP
184,Kiley,Magauran,kmagauran53@mac.com,Male,"$712,576.32 ",627496485,IT
185,Rheba,Brettoner,rbrettoner54@com.com,Female,"$671,710.78 ",1039090584,PP
186,Sterling,Lammert,slammert55@xinhuanet.com,Male,"$319,798.76 ",510459307,CC
187,Briny,Straw,bstraw56@t-online.de,Female,"$161,380.75 ",286201636,IT
188,Harmonie,Lorriman,hlorriman57@4shared.com,Female,"$431,984.26 ",993697917,PP
189,Ritchie,Charlo,rcharlo58@slideshare.net,Male,"$392,174.27 ",842338602,PP
190,Fancie,Hardingham,fhardingham59@discovery.com,Female,"$903,022.00 ",886422325,CC
191,Amanda,Biernat,abiernat5a@tinyurl.com,Female,"$401,077.63 ",367045809,PP
192,Iorgo,Goodlip,igoodlip5b@amazonaws.com,Male,"$378,523.95 ",933340329,CC
193,Sampson,Gingedale,sgingedale5c@sohu.com,Male,"$139,959.80 ",52493691,CC
194,Goldie,Farfoot,gfarfoot5d@bloglines.com,Female,"$176,353.90 ",904261696,IT
195,Mimi,Bartoszewski,mbartoszewski5e@ameblo.jp,Female,"$646,386.00 ",745113849,IT
196,Tommy,Kolczynski,tkolczynski5f@disqus.com,Female,"$494,991.83 ",571467937,CC
197,Laryssa,Origan,lorigan5g@msu.edu,Female,"$426,539.22 ",335189333,PP
198,Crawford,Raft,craft5h@goo.gl,Male,"$991,766.06 ",674002349,CC
199,Brianna,Pardoe,bpardoe5i@multiply.com,Female,"$141,398.63 ",986747413,CC
200,Lanna,Langfitt,llangfitt5j@hp.com,Female,"$147,686.02 ",337475080,CC
201,Kin,Trace,ktrace5k@phoca.cz,Male,"$748,829.17 ",242639730,CC
202,Almira,Gimblet,agimblet5l@columbia.edu,Female,"$131,286.74 ",690742047,CC
203,Karrie,Camell,kcamell5m@nyu.edu,Female,"$863,051.74 ",213728696,IT
204,Marsiella,Spellicy,mspellicy5n@webmd.com,Female,"$466,569.22 ",181553946,IT
205,Stephan,Southcott,ssouthcott5o@homestead.com,Male,"$175,293.59 ",409062423,IT
206,Anabel,Puncher,apuncher5p@youtube.com,Female,"$185,107.93 ",502016449,PP
207,Steven,Grelka,sgrelka5q@odnoklassniki.ru,Male,"$122,833.43 ",56964457,IT
208,Parry,Billin,pbillin5r@fda.gov,Male,"$196,266.95 ",17392651,IT
209,Jodie,Dimic,jdimic5s@apache.org,Female,"$576,045.78 ",499795559,PP
210,Thatch,McHaffy,tmchaffy5t@ted.com,Male,"$111,579.63 ",301751048,CC
211,Rurik,Allsebrook,rallsebrook5u@sourceforge.net,Male,"$474,349.94 ",572849238,PP
212,Say,Dowse,sdowse5v@seesaa.net,Male,"$999,686.12 ",924448416,PP
213,Con,Feldklein,cfeldklein5w@homestead.com,Female,"$476,397.09 ",884542025,CC
214,Upton,Yeo,uyeo5x@scientificamerican.com,Male,"$583,274.98 ",335584611,IT
215,Allison,Creddon,acreddon5y@ibm.com,Female,"$954,417.69 ",880215558,IT
216,Marven,Clearley,mclearley5z@ox.ac.uk,Male,"$494,866.61 ",737921328,PP
217,Bobby,Dimic,bdimic60@bloomberg.com,Female,"$323,657.38 ",730575095,CC
218,Margery,Pringley,mpringley61@wikia.com,Female,"$448,065.62 ",89340042,IT
219,Reginauld,Grahl,rgrahl62@google.cn,Male,"$409,061.85 ",641603766,IT
220,Duane,Spirit,dspirit63@wsj.com,Male,"$532,946.25 ",9507405,IT
221,Eugenie,Rushmare,erushmare64@deviantart.com,Female,"$249,372.13 ",91571600,PP
222,Kiley,Tafani,ktafani65@pen.io,Male,"$563,349.68 ",352859353,IT
223,Megen,Clubley,mclubley66@bbc.co.uk,Female,"$463,636.42 ",719272448,PP
224,Derk,McReath,dmcreath67@epa.gov,Male,"$305,853.98 ",921715711,CC
225,Sullivan,Simmen,ssimmen68@un.org,Male,"$613,158.18 ",155268862,CC
226,Mikkel,Spadollini,mspadollini69@digg.com,Male,"$174,245.43 ",399542710,PP
227,Almeda,Brimner,abrimner6a@blogger.com,Female,"$300,570.08 ",629213078,IT
228,Maitilde,Doggett,mdoggett6b@weather.com,Female,"$390,704.30 ",32679201,PP
229,Lurette,Smout,lsmout6c@nifty.com,Female,"$918,630.63 ",616638227,PP
230,Palmer,Cino,pcino6d@businessinsider.com,Male,"$708,397.03 ",498178716,IT
231,Darla,Ponnsett,dponnsett6e@yelp.com,Female,"$539,632.62 ",938274110,IT
232,Alan,Aburrow,aaburrow6f@oaic.gov.au,Male,"$722,476.41 ",1026274730,IT
233,Coletta,Kowalik,ckowalik6g@timesonline.co.uk,Female,"$259,508.99 ",265780944,CC
234,Sena,Ashwood,sashwood6h@techcrunch.com,Female,"$186,009.72 ",678679059,IT
235,Berne,McIlvaney,bmcilvaney6i@yellowbook.com,Male,"$528,113.24 ",887224047,PP
236,Adria,Thandi,athandi6j@etsy.com,Female,"$505,778.13 ",711042018,IT
237,Philip,Oliveti,poliveti6k@sitemeter.com,Male,"$380,130.68 ",679523064,IT
238,Scot,Mullane,smullane6l@cisco.com,Male,"$231,218.73 ",1013453182,CC
239,Chadwick,Morkham,cmorkham6m@census.gov,Male,"$185,069.90 ",672608998,IT
240,Westley,Leman,wleman6n@typepad.com,Male,"$759,887.43 ",205204366,CC
241,Melessa,Nano,mnano6o@oaic.gov.au,Female,"$931,498.43 ",716268307,CC
242,Gunter,Fundell,gfundell6p@slate.com,Male,"$367,774.57 ",303345252,CC
243,Tad,Berntsson,tberntsson6q@list-manage.com,Male,"$321,185.86 ",77045182,PP
244,Blair,Couchman,bcouchman6r@squarespace.com,Female,"$840,623.81 ",1002751197,IT
245,Amie,McCaskill,amccaskill6s@icio.us,Female,"$304,234.37 ",968441811,CC
246,Reggi,Aloshkin,raloshkin6t@yellowbook.com,Female,"$417,808.11 ",578971890,PP
247,Andros,Maker,amaker6u@msu.edu,Male,"$923,025.80 ",552786840,PP
248,Raimondo,Pietsma,rpietsma6v@simplemachines.org,Male,"$415,148.88 ",1021501758,IT
249,Chelsey,Standeven,cstandeven6w@wiley.com,Female,"$370,176.38 ",795361986,PP
250,Wainwright,Marriage,wmarriage6x@odnoklassniki.ru,Male,"$956,480.31 ",433281084,IT
251,Raymond,Janata,rjanata6y@issuu.com,Male,"$310,056.89 ",740155760,CC
252,Aubrey,Peyzer,apeyzer6z@zdnet.com,Male,"$509,728.59 ",934701636,PP
253,Gherardo,Triggle,gtriggle70@mapy.cz,Male,"$678,632.57 ",279793227,CC
254,Shawna,Guye,sguye71@aol.com,Female,"$689,212.40 ",31319833,CC
255,Annabella,Allone,aallone72@pagesperso-orange.fr,Female,"$307,539.96 ",227029795,IT
256,Liv,McCarle,lmccarle73@cbsnews.com,Female,"$236,348.74 ",771458726,PP
257,Cheryl,Nenci,cnenci74@mtv.com,Female,"$395,975.15 ",552767634,CC
258,Frannie,Konke,fkonke75@163.com,Male,"$862,730.93 ",168360037,PP
259,Audie,Neem,aneem76@guardian.co.uk,Female,"$367,176.29 ",88220025,IT
260,Natalee,Cropton,ncropton77@geocities.jp,Female,"$371,937.62 ",401057838,CC
261,Silvano,Berns,sberns78@time.com,Male,"$552,090.74 ",994399306,CC
262,Alfons,Keightley,akeightley79@berkeley.edu,Male,"$718,382.71 ",659324624,PP
263,Jacky,Rennocks,jrennocks7a@tinypic.com,Female,"$411,029.92 ",1028536632,PP
264,Karmen,Arlott,karlott7b@marriott.com,Female,"$936,619.89 ",790412401,CC
265,Valery,Androsik,vandrosik7c@salon.com,Female,"$466,743.56 ",607784266,PP
266,Bethina,Mantle,bmantle7d@pinterest.com,Female,"$550,168.43 ",993015388,CC
267,Otto,Moden,omoden7e@multiply.com,Male,"$761,979.63 ",759399586,IT
268,Fidela,Trahair,ftrahair7f@live.com,Female,"$288,662.79 ",454048479,CC
269,Liza,McDonald,lmcdonald7g@dailymotion.com,Female,"$345,424.95 ",354691273,IT
270,Nickolaus,Pridden,npridden7h@google.ru,Male,"$183,786.12 ",852780090,PP
271,Verne,Blasio,vblasio7i@nasa.gov,Male,"$681,367.91 ",935737206,PP
272,Hermon,Hargraves,hhargraves7j@answers.com,Male,"$635,263.77 ",315913291,CC
273,Rice,McGlaughn,rmcglaughn7k@blogspot.com,Male,"$490,492.43 ",575469444,PP
274,Corbin,Kirsopp,ckirsopp7l@house.gov,Male,"$338,710.80 ",72942668,PP
275,Susi,Wiggins,swiggins7m@sciencedaily.com,Female,"$515,523.00 ",311180932,PP
276,Livvyy,Newbury,lnewbury7n@techcrunch.com,Female,"$260,932.18 ",154497732,PP
277,Noel,Deshon,ndeshon7o@posterous.com,Female,"$993,030.41 ",914957825,PP
278,Michele,Curbishley,mcurbishley7p@studiopress.com,Female,"$277,323.24 ",650131141,IT
279,Piper,Agney,pagney7q@flickr.com,Female,"$175,924.52 ",102980080,CC
280,Carlen,Callow,ccallow7r@adobe.com,Female,"$872,162.96 ",826566275,CC
281,Ulises,Gason,ugason7s@cbslocal.com,Male,"$608,989.98 ",487573449,CC
282,Rustin,Vedekhin,rvedekhin7t@statcounter.com,Male,"$547,568.83 ",888040288,PP
283,Eba,Hattoe,ehattoe7u@indiatimes.com,Female,"$480,954.05 ",245871423,CC
284,Aeriell,Warwicker,awarwicker7v@posterous.com,Female,"$971,815.47 ",128802377,PP
285,Morgen,Vedenyakin,mvedenyakin7w@tmall.com,Female,"$197,116.39 ",1022703446,IT
286,Aylmer,Booy,abooy7x@cornell.edu,Male,"$761,940.64 ",680640481,CC
287,Quillan,Killich,qkillich7y@simplemachines.org,Male,"$132,794.78 ",412822770,IT
288,Rikki,Ruppel,rruppel7z@vimeo.com,Female,"$590,638.68 ",689661281,PP
289,Janifer,Fields,jfields80@wikia.com,Female,"$162,324.59 ",116431043,PP
290,Nikolai,Restall,nrestall81@mysql.com,Male,"$539,828.85 ",683671619,IT
291,Tracey,Damrell,tdamrell82@pinterest.com,Female,"$681,327.99 ",293016621,IT
292,Agustin,Blei,ablei83@hexun.com,Male,"$449,867.28 ",178209634,PP
293,Antoni,Speke,aspeke84@istockphoto.com,Male,"$831,007.19 ",373294307,CC
294,Sheilakathryn,Shaudfurth,sshaudfurth85@prnewswire.com,Female,"$555,854.20 ",66088390,CC
295,Blinnie,Broke,bbroke86@apple.com,Female,"$458,171.89 ",400058473,IT
296,Lorrie,Mechi,lmechi87@bigcartel.com,Female,"$953,028.59 ",341211863,PP
297,Laverna,La Torre,llatorre88@nytimes.com,Female,"$204,137.80 ",651951700,PP
298,Cole,Minero,cminero89@weibo.com,Male,"$631,407.35 ",537732582,CC
299,Sosanna,Kundt,skundt8a@godaddy.com,Female,"$983,227.13 ",831686737,PP
300,Gerri,Hambleton,ghambleton8b@merriam-webster.com,Female,"$209,843.83 ",786812573,IT
301,Stanley,Croker,scroker8c@blogger.com,Male,"$139,653.60 ",1026473490,CC
302,Marji,Oakes,moakes8d@clickbank.net,Female,"$181,444.29 ",579887987,PP
303,Pebrook,Adiscot,padiscot8e@nba.com,Male,"$335,981.05 ",856945176,IT
304,Norby,Spain,nspain8f@parallels.com,Male,"$517,324.37 ",94876189,CC
305,Wyn,Piddington,wpiddington8g@csmonitor.com,Male,"$388,737.02 ",524646351,IT
306,Shelia,Kohlert,skohlert8h@deliciousdays.com,Female,"$478,445.33 ",93348932,IT
307,Adolphe,Hritzko,ahritzko8i@deviantart.com,Male,"$194,226.33 ",376900284,PP
308,Glad,Schechter,gschechter8j@elegantthemes.com,Female,"$444,532.59 ",782684942,IT
309,Adriena,Rainsdon,arainsdon8k@google.com.au,Female,"$417,761.80 ",871793826,CC
310,Humbert,Mammatt,hmammatt8l@ocn.ne.jp,Male,"$883,966.72 ",741027374,IT
311,Beatrix,Le Brum,blebrum8m@admin.ch,Female,"$191,384.83 ",806315649,CC
312,Reyna,Winspeare,rwinspeare8n@wikimedia.org,Female,"$319,490.54 ",326984236,PP
313,Elinore,Ely,eely8o@rakuten.co.jp,Female,"$412,229.21 ",600253899,CC
314,Zorine,Briereton,zbriereton8p@java.com,Female,"$208,796.99 ",386317018,IT
315,Jase,Busek,jbusek8q@privacy.gov.au,Male,"$899,355.77 ",714325212,IT
316,Walt,Danev,wdanev8r@mozilla.com,Male,"$282,251.17 ",915171927,IT
317,Corabella,Quarlis,cquarlis8s@angelfire.com,Female,"$850,230.54 ",872519197,CC
318,Robbin,Whiting,rwhiting8t@apple.com,Female,"$996,872.61 ",603978545,CC
319,Gerrilee,Klimowicz,gklimowicz8u@instagram.com,Female,"$389,346.93 ",86744029,PP
320,Julio,Ludlem,jludlem8v@hubpages.com,Male,"$549,084.44 ",287371513,CC
321,Raquela,Ziemsen,rziemsen8w@narod.ru,Female,"$871,062.87 ",104101515,CC
322,Sally,Scola,sscola8x@oakley.com,Female,"$653,184.80 ",262037786,PP
323,Jocelin,Machans,jmachans8y@eventbrite.com,Female,"$149,853.09 ",561626653,PP
324,Stormie,Lyness,slyness8z@about.com,Female,"$167,549.87 ",580218354,CC
325,Rollin,Sothcott,rsothcott90@harvard.edu,Male,"$171,614.69 ",34182808,CC
326,Drud,Sagg,dsagg91@vkontakte.ru,Male,"$736,276.28 ",874613541,IT
327,Georgette,Lawson,glawson92@about.com,Female,"$529,645.14 ",201678098,CC
328,Fabiano,Darragh,fdarragh93@slate.com,Male,"$612,354.49 ",96844706,PP
329,Aridatha,Gascoyne,agascoyne94@google.de,Female,"$854,655.44 ",730251827,IT
330,Aile,Tocqueville,atocqueville95@npr.org,Female,"$715,212.16 ",271280628,IT
331,Lazare,Bims,lbims96@wunderground.com,Male,"$736,455.83 ",276765542,IT
332,Barrett,Parlour,bparlour97@boston.com,Male,"$933,105.67 ",785297596,PP
333,Terrye,Stonhard,tstonhard98@cocolog-nifty.com,Female,"$482,930.93 ",793842042,PP
334,Lemuel,Norgate,lnorgate99@51.la,Male,"$255,122.55 ",529733322,IT
335,Morry,Brech,mbrech9a@uol.com.br,Male,"$434,328.88 ",387939661,CC
336,Toinette,Halligan,thalligan9b@boston.com,Female,"$394,434.58 ",299040050,CC
337,Tabbie,Cohan,tcohan9c@tuttocitta.it,Male,"$704,413.97 ",275465605,PP
338,Bob,Gold,bgold9d@mapy.cz,Male,"$827,959.28 ",993549831,CC
339,Darlene,Suddell,dsuddell9e@java.com,Female,"$931,598.65 ",695609108,IT
340,Sadie,Skelhorn,sskelhorn9f@spotify.com,Female,"$166,226.46 ",900572841,PP
341,Franklin,Palatini,fpalatini9g@nature.com,Male,"$895,620.95 ",576742830,PP
342,Hildagarde,Agneau,hagneau9h@technorati.com,Female,"$842,498.44 ",118923812,PP
343,Shanta,Rushforth,srushforth9i@shop-pro.jp,Female,"$699,438.49 ",792340958,IT
344,Wright,Allington,wallington9j@microsoft.com,Male,"$119,322.04 ",1031091378,CC
345,Bruis,Habbert,bhabbert9k@aol.com,Male,"$322,806.35 ",611201354,PP
346,Terrence,Noyes,tnoyes9l@privacy.gov.au,Male,"$959,444.58 ",255742796,PP
347,Lanie,Boone,lboone9m@unesco.org,Male,"$677,722.88 ",707971001,IT
348,Abby,Boays,aboays9n@nhs.uk,Male,"$868,832.46 ",272101282,PP
349,Billy,Ramberg,bramberg9o@homestead.com,Female,"$535,742.93 ",869394150,IT
350,Julie,McRitchie,jmcritchie9p@i2i.jp,Male,"$572,926.07 ",583994708,IT
351,Shelton,Gerge,sgerge9q@intel.com,Male,"$442,844.58 ",511667516,IT
352,Urson,Willers,uwillers9r@blog.com,Male,"$454,219.20 ",900747656,IT
353,Estele,Buxsey,ebuxsey9s@bandcamp.com,Female,"$659,294.48 ",765479167,PP
354,Thomasin,Profit,tprofit9t@php.net,Female,"$437,066.51 ",950613746,PP
355,Bern,Vinson,bvinson9u@delicious.com,Male,"$861,531.19 ",211352033,CC
356,Dulcie,Allbon,dallbon9v@imgur.com,Female,"$808,688.38 ",754634501,PP
357,Emmet,Cavill,ecavill9w@bing.com,Male,"$649,987.46 ",295147454,PP
358,Carlie,Martinello,cmartinello9x@springer.com,Male,"$800,867.19 ",1029880011,IT
359,Kirsti,Huge,khuge9y@tinypic.com,Female,"$598,923.25 ",382256945,PP
360,Kordula,Whyatt,kwhyatt9z@spotify.com,Female,"$978,713.16 ",189021578,IT
361,Wake,Hentze,whentzea0@xinhuanet.com,Male,"$345,150.14 ",381491549,CC
362,Lauryn,Chasteney,lchasteneya1@netlog.com,Female,"$632,778.15 ",839128678,IT
363,Salome,Vernham,svernhama2@timesonline.co.uk,Female,"$486,141.90 ",607351057,CC
364,Lyle,Vero,lveroa3@clickbank.net,Male,"$859,899.72 ",368540335,CC
365,Gwen,Hainning,ghainninga4@unesco.org,Female,"$675,788.46 ",69444807,CC
366,Worthy,Giovannacci,wgiovannaccia5@hao123.com,Male,"$906,832.58 ",727925482,PP
367,Lester,Kingswold,lkingswolda6@liveinternet.ru,Male,"$686,820.81 ",274781041,CC
368,Toby,Oldford,toldforda7@gmpg.org,Male,"$242,400.86 ",128483473,CC
369,Claresta,Brewis,cbrewisa8@fc2.com,Female,"$686,379.37 ",420281804,CC
370,Griz,Kinworthy,gkinworthya9@time.com,Male,"$339,514.31 ",272327965,CC
371,Prisca,Magowan,pmagowanaa@earthlink.net,Female,"$552,827.02 ",987717859,PP
372,Evvy,Lehr,elehrab@amazon.co.jp,Female,"$436,444.38 ",173136306,PP
373,Mychal,Clowser,mclowserac@nps.gov,Male,"$964,499.83 ",993097129,CC
374,Bogart,Carlozzi,bcarlozziad@yellowbook.com,Male,"$543,255.80 ",517060813,PP
375,Chevy,McAlinion,cmcalinionae@wufoo.com,Male,"$919,305.11 ",1014058355,CC
376,Chance,Eberle,ceberleaf@hp.com,Male,"$735,061.62 ",513297539,CC
377,Fabien,Bartocci,fbartocciag@earthlink.net,Male,"$857,817.79 ",421347934,PP
378,Orren,Cordelette,ocordeletteah@vinaora.com,Male,"$866,214.32 ",773583260,IT
379,Alejandro,Noddle,anoddleai@4shared.com,Male,"$787,179.75 ",971023453,CC
380,Vera,Linwood,vlinwoodaj@simplemachines.org,Female,"$498,608.60 ",772007474,IT
381,Elyn,Maes,emaesak@360.cn,Female,"$153,286.77 ",293168754,PP
382,Ben,Claworth,bclaworthal@ezinearticles.com,Male,"$874,978.22 ",885492715,IT
383,Jermayne,Krinks,jkrinksam@state.tx.us,Male,"$127,079.67 ",369464889,IT
384,Demeter,Rampling,dramplingan@slate.com,Female,"$400,408.55 ",140420352,PP
385,Callie,Dorman,cdormanao@google.it,Female,"$636,613.25 ",117885957,IT
386,Lida,Southwell,lsouthwellap@opensource.org,Female,"$334,870.50 ",337822109,PP
387,Tamara,Heisman,theismanaq@blogspot.com,Female,"$655,692.43 ",523880676,CC
388,Jorge,McGrouther,jmcgroutherar@gmpg.org,Male,"$178,727.29 ",94003497,CC
389,Cyrille,Eaddy,ceaddyas@meetup.com,Male,"$362,951.87 ",952871821,CC
390,Kellie,Yetts,kyettsat@zdnet.com,Female,"$324,330.76 ",1038488788,PP
391,Karon,McQuirk,kmcquirkau@amazon.de,Female,"$136,504.18 ",1045479643,CC
392,Rhetta,Cardoe,rcardoeav@hc360.com,Female,"$911,310.29 ",526583482,IT
393,Aileen,Paur,apauraw@abc.net.au,Female,"$946,506.77 ",677047715,IT
394,Shirlene,Bosma,sbosmaax@booking.com,Female,"$493,686.47 ",491389416,CC
395,Marius,McQuaker,mmcquakeray@icq.com,Male,"$995,738.33 ",585245125,CC
396,Munmro,O'Heffernan,moheffernanaz@columbia.edu,Male,"$689,553.91 ",94714726,PP
397,Marysa,Alderson,maldersonb0@meetup.com,Female,"$957,475.08 ",286506035,CC
398,Kinna,MacCard,kmaccardb1@time.com,Female,"$703,724.95 ",329295653,CC
399,Demetri,Godridge,dgodridgeb2@sbwire.com,Male,"$418,246.93 ",974621037,IT
400,Beltran,D'Enrico,bdenricob3@un.org,Male,"$298,254.16 ",211239093,PP
401,Hertha,Franc,hfrancb4@cbc.ca,Female,"$620,132.21 ",138948947,IT
402,Alejandra,Heighway,aheighwayb5@noaa.gov,Female,"$834,312.73 ",666735229,PP
403,Billye,Pearmain,bpearmainb6@state.tx.us,Female,"$904,753.06 ",321290777,CC
404,Isaiah,Bartlett,ibartlettb7@networkadvertising.org,Male,"$462,565.16 ",524253858,IT
405,Harris,Dilke,hdilkeb8@omniture.com,Male,"$995,492.49 ",461470375,IT
406,Olly,Benzi,obenzib9@ed.gov,Female,"$918,029.55 ",304367398,PP
407,Dewey,Wemes,dwemesba@spotify.com,Male,"$257,010.42 ",754023482,IT
408,Mathian,Wane,mwanebb@bizjournals.com,Male,"$901,713.11 ",806838407,CC
409,Rowe,Stitwell,rstitwellbc@yolasite.com,Female,"$948,392.64 ",950648374,CC
410,Roland,Foot,rfootbd@weibo.com,Male,"$144,146.84 ",42876316,CC
411,Ddene,Brixey,dbrixeybe@cam.ac.uk,Female,"$113,758.12 ",566794657,PP
412,Clerissa,Winfrey,cwinfreybf@ezinearticles.com,Female,"$698,293.86 ",444134271,PP
413,Nevile,Ghidini,nghidinibg@gnu.org,Male,"$269,810.70 ",797480629,IT
414,Fransisco,Ovens,fovensbh@123-reg.co.uk,Male,"$245,328.23 ",107549984,IT
415,Jacquelynn,Geeson,jgeesonbi@example.com,Female,"$700,495.75 ",1013021370,IT
416,Adam,Sebert,asebertbj@reference.com,Male,"$193,603.94 ",684340084,IT
417,Laure,Odgaard,lodgaardbk@bigcartel.com,Female,"$576,504.96 ",152129673,IT
418,Inigo,Shickle,ishicklebl@globo.com,Male,"$360,330.86 ",920769705,PP
419,Dora,Flatley,dflatleybm@mayoclinic.com,Female,"$473,126.06 ",250322729,PP
420,Haily,Perillio,hperilliobn@parallels.com,Male,"$973,897.24 ",942309418,IT
421,Raven,Woollends,rwoollendsbo@xrea.com,Female,"$455,917.16 ",365662293,PP
422,Meg,Dinsmore,mdinsmorebp@yahoo.com,Female,"$376,374.31 ",720741621,IT
423,Ashlin,Clitsome,aclitsomebq@wufoo.com,Male,"$607,695.92 ",664848646,IT
424,Wallie,Treend,wtreendbr@elegantthemes.com,Female,"$418,914.19 ",792547174,PP
425,Evey,Lambal,elambalbs@ucoz.ru,Female,"$211,310.35 ",637609595,IT
426,Fiann,Trusty,ftrustybt@opera.com,Female,"$885,287.98 ",56463479,CC
427,Karol,Hutcheon,khutcheonbu@europa.eu,Female,"$957,442.77 ",578780720,CC
428,Josh,Blase,jblasebv@businessinsider.com,Male,"$202,515.05 ",514651725,CC
429,Tynan,Degan,tdeganbw@t-online.de,Male,"$240,374.10 ",472579189,PP
430,Perry,Reffe,preffebx@mozilla.org,Male,"$111,895.02 ",551768916,PP
431,Adara,Peirazzi,apeirazziby@globo.com,Female,"$881,979.55 ",577277813,PP
432,Christie,Gerge,cgergebz@smh.com.au,Female,"$379,225.42 ",1039767165,IT
433,Guy,Seeborne,gseebornec0@reddit.com,Male,"$340,813.20 ",355644426,PP
434,Lem,Arnison,larnisonc1@admin.ch,Male,"$265,040.04 ",790032122,CC
435,Amalle,Posse,apossec2@miitbeian.gov.cn,Female,"$961,388.68 ",668635593,PP
436,Aeriell,Cavalier,acavalierc3@adobe.com,Female,"$737,569.83 ",417155630,PP
437,Gerald,Allett,gallettc4@harvard.edu,Male,"$346,745.40 ",597537014,IT
438,Massimo,Trahearn,mtrahearnc5@wiley.com,Male,"$470,933.18 ",962626704,IT
439,Marris,Blazej,mblazejc6@xrea.com,Female,"$238,433.63 ",900493066,CC
440,Joletta,Bozier,jbozierc7@tumblr.com,Female,"$353,968.09 ",805725966,CC
441,Derrek,Ingleton,dingletonc8@netvibes.com,Male,"$711,193.09 ",370505385,CC
442,Umberto,Mortlock,umortlockc9@dagondesign.com,Male,"$981,551.26 ",402350243,IT
443,Karisa,Grenshiels,kgrenshielsca@nature.com,Female,"$582,436.87 ",672674122,CC
444,Kathlin,Nelligan,knelligancb@skype.com,Female,"$372,881.81 ",246084817,IT
445,Orelie,Maps,omapscc@sogou.com,Female,"$794,338.60 ",778628052,PP
446,Arlyn,Dilger,adilgercd@freewebs.com,Female,"$480,356.57 ",110802646,PP
447,Andrus,Clace,aclacece@tripadvisor.com,Male,"$902,812.27 ",474746716,PP
448,Sher,Gullan,sgullancf@msn.com,Female,"$898,571.01 ",372333702,IT
449,Lorant,Sedworth,lsedworthcg@unicef.org,Male,"$207,243.39 ",559309044,IT
450,Leigh,Craig,lcraigch@themeforest.net,Male,"$936,857.59 ",616615436,IT
451,Lazar,Wallbank,lwallbankci@samsung.com,Male,"$776,803.68 ",211275525,PP
452,Cosimo,Iacivelli,ciacivellicj@google.de,Male,"$261,734.09 ",656380492,IT
453,Frans,Kewley,fkewleyck@naver.com,Male,"$741,630.10 ",808015470,CC
454,Salvatore,Jerams,sjeramscl@google.com.au,Male,"$857,398.75 ",539747767,PP
455,Anna,Marlon,amarloncm@ox.ac.uk,Female,"$760,932.67 ",1019570766,CC
456,Merle,Ninnoli,mninnolicn@arizona.edu,Female,"$800,180.72 ",653161456,IT
457,Lorianne,Cosgrave,lcosgraveco@xrea.com,Female,"$784,731.08 ",596173048,IT
458,Mortimer,Wrigley,mwrigleycp@businessinsider.com,Male,"$682,960.50 ",5925519,IT
459,Stevie,Meace,smeacecq@eventbrite.com,Male,"$834,872.11 ",903013126,CC
460,Allayne,Sherewood,asherewoodcr@jalbum.net,Male,"$370,377.31 ",365219830,IT
461,Barbra,Peile,bpeilecs@issuu.com,Female,"$144,639.68 ",341741053,CC
462,Ingra,Syvret,isyvretct@edublogs.org,Male,"$515,909.46 ",352517756,PP
463,Lennard,Ryce,lrycecu@google.com.br,Male,"$232,684.13 ",469860953,PP
464,Elga,Totaro,etotarocv@purevolume.com,Female,"$881,573.46 ",841627639,IT
465,Lulita,Kennerley,lkennerleycw@wisc.edu,Female,"$585,744.57 ",264587925,CC
466,Torey,McGreay,tmcgreaycx@newsvine.com,Male,"$119,399.15 ",278511667,CC
467,Dominik,Paddy,dpaddycy@sphinn.com,Male,"$594,439.49 ",610492592,CC
468,Devora,Batson,dbatsoncz@slashdot.org,Female,"$467,157.13 ",229394063,IT
469,Lila,Wallbanks,lwallbanksd0@sakura.ne.jp,Female,"$554,485.97 ",828316834,PP
470,Sheri,Heelis,sheelisd1@soup.io,Female,"$903,266.40 ",815041620,CC
471,Kristofer,Lindl,klindld2@123-reg.co.uk,Male,"$610,014.84 ",697489906,CC
472,Regan,Skews,rskewsd3@bravesites.com,Female,"$416,412.03 ",725168379,IT
473,Tabby,Jubert,tjubertd4@kickstarter.com,Female,"$103,463.38 ",85776115,CC
474,Myrwyn,Legon,mlegond5@samsung.com,Male,"$577,316.52 ",204626395,IT
475,Pancho,Mauvin,pmauvind6@guardian.co.uk,Male,"$822,701.52 ",1024809271,PP
476,Lexis,Vreede,lvreeded7@friendfeed.com,Female,"$162,775.28 ",231706449,PP
477,Felita,Olennikov,folennikovd8@examiner.com,Female,"$691,609.36 ",582733663,PP
478,Shelly,McKinty,smckintyd9@webeden.co.uk,Female,"$756,569.32 ",784971099,CC
479,Jonell,Siggers,jsiggersda@blogspot.com,Female,"$170,598.36 ",57376614,PP
480,Stanley,Bowgen,sbowgendb@ucsd.edu,Male,"$865,182.45 ",271625652,CC
481,Ania,Hellings,ahellingsdc@icio.us,Female,"$386,855.63 ",32986742,PP
482,Winslow,Kleinberer,wkleinbererdd@addtoany.com,Male,"$929,863.61 ",956696193,CC
483,Kele,Bartholin,kbartholinde@livejournal.com,Male,"$181,394.62 ",86206427,CC
484,Adrea,Drinkall,adrinkalldf@bizjournals.com,Female,"$230,818.02 ",438083229,PP
485,Yevette,Rankin,yrankindg@ucsd.edu,Female,"$860,593.04 ",373846848,CC
486,Marlowe,Rosenboim,mrosenboimdh@foxnews.com,Male,"$801,905.03 ",315000234,CC
487,Liuka,Perfitt,lperfittdi@ifeng.com,Female,"$280,055.69 ",250515011,IT
488,Rori,Scrogges,rscroggesdj@nih.gov,Female,"$882,454.48 ",786305398,IT
489,Florina,Thominga,fthomingadk@marketwatch.com,Female,"$883,711.54 ",214005537,CC
490,Case,Rambaut,crambautdl@tuttocitta.it,Male,"$167,652.96 ",906140548,IT
491,Zsa zsa,Andrat,zandratdm@latimes.com,Female,"$231,139.88 ",526903299,PP
492,Brent,Destouche,bdestouchedn@google.nl,Male,"$178,500.52 ",831393984,IT
493,Ignazio,Probetts,iprobettsdo@over-blog.com,Male,"$359,636.52 ",959547419,PP
494,Jeno,Hummerston,jhummerstondp@quantcast.com,Male,"$921,214.43 ",506291084,CC
495,Alyda,Ortiger,aortigerdq@spotify.com,Female,"$900,055.44 ",394670388,PP
496,Shaine,Cromett,scromettdr@upenn.edu,Male,"$949,905.02 ",159287156,PP
497,Benito,Candey,bcandeyds@amazon.com,Male,"$175,788.38 ",587930095,PP
498,Natasha,Pinnere,npinneredt@quantcast.com,Female,"$238,935.76 ",83639464,CC
499,Randie,Tedorenko,rtedorenkodu@marriott.com,Male,"$466,477.61 ",106610373,CC
500,Gabi,Crome,gcromedv@narod.ru,Female,"$517,987.76 ",323030342,CC
501,Priscilla,Cureton,pcuretondw@sogou.com,Female,"$336,353.23 ",994096352,CC
502,Gwenneth,Redier,gredierdx@stanford.edu,Female,"$371,701.76 ",710422919,IT
503,Emmet,McGaugan,emcgaugandy@seesaa.net,Male,"$865,309.74 ",181910862,IT
504,Marci,Strewther,mstrewtherdz@symantec.com,Female,"$952,503.18 ",341582142,CC
505,Benedicta,Bowshire,bbowshiree0@kickstarter.com,Female,"$470,095.76 ",955718117,PP
506,Dominik,Aim,daime1@cnn.com,Male,"$269,782.27 ",613014902,PP
507,Roseanne,Dosdale,rdosdalee2@businessweek.com,Female,"$209,705.93 ",889369490,PP
508,Renie,Sworder,rswordere3@cbsnews.com,Female,"$359,956.62 ",246784658,IT
509,Rourke,Janowicz,rjanowicze4@dailymotion.com,Male,"$877,690.42 ",962671110,PP
510,Willie,Segrave,wsegravee5@ovh.net,Female,"$232,173.05 ",902038617,IT
511,Ursa,Burrells,uburrellse6@princeton.edu,Female,"$446,376.15 ",777146289,PP
512,Tomasine,Learoid,tlearoide7@yolasite.com,Female,"$929,008.77 ",946943755,PP
513,Margaux,Boule,mboulee8@joomla.org,Female,"$286,493.86 ",1009396166,PP
514,Ruperto,Dumbleton,rdumbletone9@paypal.com,Male,"$304,215.27 ",220145708,IT
515,Malynda,Mac Geaney,mmacgeaneyea@360.cn,Female,"$578,554.88 ",35147237,PP
516,Grady,Fills,gfillseb@apple.com,Male,"$991,818.22 ",91401207,PP
517,Miof mela,Asling,maslingec@utexas.edu,Female,"$195,169.72 ",956452844,PP
518,Thaddus,Caren,tcarened@mail.ru,Male,"$406,079.56 ",412363136,CC
519,Bogart,Myton,bmytonee@wikispaces.com,Male,"$308,338.87 ",173308289,PP
520,Marigold,Hairsnape,mhairsnapeef@altervista.org,Female,"$364,520.95 ",75801874,PP
521,Elle,Klimpt,eklimpteg@biglobe.ne.jp,Female,"$889,418.60 ",634046501,PP
522,Marquita,Purselow,mpurseloweh@dell.com,Female,"$414,941.19 ",531629436,PP
523,Ash,Backwell,abackwellei@ovh.net,Male,"$565,366.33 ",34022999,IT
524,Retha,Suscens,rsuscensej@yahoo.com,Female,"$421,729.64 ",243606554,PP
525,Carmelle,Domniney,cdomnineyek@oaic.gov.au,Female,"$194,678.46 ",244048856,PP
526,Welby,Tressler,wtresslerel@creativecommons.org,Male,"$541,086.11 ",1003554037,CC
527,Shaylyn,Maillard,smaillardem@dailymail.co.uk,Female,"$457,174.78 ",35788707,IT
528,Mersey,Matterson,mmattersonen@smugmug.com,Female,"$124,975.26 ",944113304,PP
529,Sybila,Arnold,sarnoldeo@intel.com,Female,"$981,793.65 ",600875439,IT
530,Elyn,Dobbins,edobbinsep@kickstarter.com,Female,"$833,332.80 ",522239366,IT
531,Elijah,Pardie,epardieeq@histats.com,Male,"$705,746.48 ",468878498,CC
532,Natassia,Cheese,ncheeseer@scientificamerican.com,Female,"$983,545.93 ",925016483,PP
533,Gypsy,Shortt,gshorttes@cisco.com,Female,"$268,795.45 ",117666652,CC
534,Lyn,Bensen,lbensenet@webnode.com,Male,"$574,695.24 ",12912275,IT
535,Jesse,Andree,jandreeeu@wired.com,Female,"$187,939.09 ",938237404,CC
536,Ludwig,Hurt,lhurtev@de.vu,Male,"$699,285.56 ",866474719,PP
537,Madelene,Holworth,mholworthew@hp.com,Female,"$612,156.75 ",191699918,CC
538,Donelle,Crow,dcrowex@i2i.jp,Female,"$233,159.40 ",168659512,IT
539,Windy,Bricksey,wbrickseyey@wufoo.com,Female,"$886,678.85 ",189219985,CC
540,Rozella,Kayser,rkayserez@ameblo.jp,Female,"$597,360.86 ",706876669,IT
541,Almeda,MacDonagh,amacdonaghf0@thetimes.co.uk,Female,"$612,824.60 ",696625036,PP
542,Ursa,Waring,uwaringf1@so-net.ne.jp,Female,"$702,412.50 ",262015452,CC
543,Inge,Ewell,iewellf2@webmd.com,Female,"$950,061.30 ",440951559,CC
544,Caty,Atkirk,catkirkf3@w3.org,Female,"$442,288.42 ",428814032,CC
545,Twila,Cohrs,tcohrsf4@wikia.com,Female,"$202,087.14 ",339937272,CC
546,Darren,Baddow,dbaddowf5@samsung.com,Male,"$982,986.90 ",100584716,PP
547,Vilma,Schwand,vschwandf6@netvibes.com,Female,"$630,922.53 ",526738425,IT
548,Eduino,Simons,esimonsf7@nationalgeographic.com,Male,"$200,978.55 ",230633061,CC
549,Michaella,Satch,msatchf8@admin.ch,Female,"$620,403.57 ",936060236,CC
550,Amerigo,Bahike,abahikef9@yahoo.com,Male,"$770,605.33 ",39864966,IT
551,Des,Brayn,dbraynfa@1und1.de,Male,"$628,555.24 ",175709310,PP
552,Lisa,Elsegood,lelsegoodfb@yelp.com,Female,"$745,308.51 ",551362489,PP
553,Temple,Giacovelli,tgiacovellifc@ocn.ne.jp,Male,"$676,649.02 ",776641218,CC
554,Cody,Tickle,cticklefd@goodreads.com,Male,"$673,586.68 ",808955536,PP
555,Lesly,Milnes,lmilnesfe@123-reg.co.uk,Female,"$342,166.01 ",270203049,PP
556,Blakelee,Buggs,bbuggsff@deviantart.com,Female,"$525,285.78 ",584129430,CC
557,Vanya,Corradengo,vcorradengofg@symantec.com,Female,"$819,184.37 ",809823138,IT
558,Frannie,Boller,fbollerfh@com.com,Female,"$981,153.27 ",397213884,PP
559,Anne,Kolodziej,akolodziejfi@lycos.com,Female,"$385,385.25 ",143570133,PP
560,Aubrey,Grimes,agrimesfj@salon.com,Female,"$616,524.28 ",500550748,CC
561,Geordie,MacHoste,gmachostefk@time.com,Male,"$356,774.49 ",300043926,CC
562,Chloette,Heamus,cheamusfl@rambler.ru,Female,"$194,668.83 ",270236104,CC
563,Adam,Rallin,arallinfm@people.com.cn,Male,"$438,550.37 ",34681190,CC
564,Jillane,Ferri,jferrifn@hp.com,Female,"$782,429.26 ",360354460,PP
565,Marjy,Tafani,mtafanifo@dailymail.co.uk,Female,"$719,170.88 ",950005025,IT
566,Nolana,Whiles,nwhilesfp@posterous.com,Female,"$514,102.22 ",87701117,PP
567,Francine,Jopling,fjoplingfq@cisco.com,Female,"$401,555.04 ",86663148,PP
568,Peta,Gierhard,pgierhardfr@discuz.net,Female,"$882,622.19 ",1021728007,IT
569,Brenna,Aggis,baggisfs@intel.com,Female,"$136,796.54 ",382467896,PP
570,Kinnie,Lehrian,klehrianft@google.fr,Male,"$685,837.34 ",153404337,PP
571,Thurston,Breitler,tbreitlerfu@etsy.com,Male,"$517,675.87 ",11114726,CC
572,Jamima,Ivanenko,jivanenkofv@xing.com,Female,"$582,620.14 ",317797506,PP
573,Tonie,Ruddoch,truddochfw@bizjournals.com,Female,"$149,333.84 ",119723747,IT
574,Basia,Kehir,bkehirfx@etsy.com,Female,"$892,244.37 ",323374295,CC
575,Briny,Deinhard,bdeinhardfy@kickstarter.com,Female,"$298,765.43 ",337915202,IT
576,Phip,Capini,pcapinifz@newyorker.com,Male,"$968,241.39 ",728113726,PP
577,Dalis,Cicco,dciccog0@bbc.co.uk,Male,"$210,550.01 ",437627698,IT
578,Jamie,Stinchcombe,jstinchcombeg1@dot.gov,Male,"$528,404.56 ",427359878,CC
579,Payton,Thompkins,pthompkinsg2@canalblog.com,Male,"$308,676.71 ",166919224,IT
580,Fidela,Lawley,flawleyg3@columbia.edu,Female,"$392,993.33 ",1049997716,IT
581,Kathie,Wilbore,kwilboreg4@cornell.edu,Female,"$713,918.13 ",473660229,PP
582,Sid,Checcucci,scheccuccig5@chron.com,Male,"$921,922.60 ",392384886,PP
583,Hally,Dixcee,hdixceeg6@com.com,Female,"$331,300.73 ",888609828,PP
584,Feliks,Gritskov,fgritskovg7@g.co,Male,"$198,857.03 ",54182052,IT
585,Culley,Robet,crobetg8@earthlink.net,Male,"$287,203.52 ",991064905,PP
586,Ralf,Gooderridge,rgooderridgeg9@utexas.edu,Male,"$852,117.36 ",628424879,IT
587,Kele,Cherm,kchermga@topsy.com,Male,"$299,070.98 ",359958848,PP
588,Devin,Leimster,dleimstergb@ox.ac.uk,Male,"$105,509.23 ",639550827,CC
589,Adriane,Smee,asmeegc@time.com,Female,"$679,531.76 ",173897747,CC
590,Cornie,Poulden,cpouldengd@feedburner.com,Male,"$492,171.04 ",445421929,CC
591,Darla,Neate,dneatege@163.com,Female,"$759,708.96 ",980193250,PP
592,Cynthy,Bleakley,cbleakleygf@usa.gov,Female,"$314,617.78 ",642690349,CC
593,Irwinn,Peartree,ipeartreegg@google.es,Male,"$578,157.46 ",963001305,PP
594,Miguela,Hilley,mhilleygh@flickr.com,Female,"$842,638.90 ",854043306,IT
595,Cari,Bodicam,cbodicamgi@rediff.com,Female,"$578,744.44 ",941570967,CC
596,Louis,Pomphrett,lpomphrettgj@booking.com,Male,"$772,131.85 ",186586529,PP
597,Vally,Hutsby,vhutsbygk@squidoo.com,Female,"$969,091.03 ",389672511,IT
598,Harlen,Leason,hleasongl@mediafire.com,Male,"$212,484.63 ",807857905,CC
599,Pierson,Francois,pfrancoisgm@freewebs.com,Male,"$330,485.02 ",383064680,IT
600,Roberta,Sutter,rsuttergn@guardian.co.uk,Female,"$200,932.19 ",267870457,IT
601,Cull,Gricewood,cgricewoodgo@cisco.com,Male,"$362,133.20 ",8208209,IT
602,Anna,Bisp,abispgp@addtoany.com,Female,"$983,160.46 ",609851817,PP
603,Krystalle,Laite,klaitegq@wix.com,Female,"$751,038.96 ",433401015,PP
604,Salome,Loins,sloinsgr@tuttocitta.it,Female,"$301,665.30 ",442795764,PP
605,Hamnet,Akenhead,hakenheadgs@imgur.com,Male,"$367,830.15 ",618252263,IT
606,Andrus,Inge,aingegt@earthlink.net,Male,"$291,978.92 ",81757415,PP
607,Antonius,Stopher,astophergu@w3.org,Male,"$311,690.51 ",265289875,CC
608,Dov,Digman,ddigmangv@java.com,Male,"$906,415.17 ",368561763,IT
609,Karel,Cronk,kcronkgw@symantec.com,Female,"$621,053.25 ",707756570,IT
610,Tyrus,Pargent,tpargentgx@nba.com,Male,"$414,695.53 ",981713103,CC
611,Doralynn,Howie,dhowiegy@squarespace.com,Female,"$598,541.75 ",1031636612,PP
612,Allin,Chaldecott,achaldecottgz@cdc.gov,Male,"$668,025.39 ",373206116,IT
613,Sonnnie,Lavielle,slavielleh0@oakley.com,Female,"$485,505.52 ",236104536,CC
614,Gaven,Reinger,greingerh1@merriam-webster.com,Male,"$123,803.07 ",385806267,PP
615,Clayson,Chesswas,cchesswash2@miitbeian.gov.cn,Male,"$439,100.98 ",638194177,CC
616,Krishna,Ramstead,kramsteadh3@google.es,Male,"$154,665.32 ",961455909,CC
617,Phillida,Quinnelly,pquinnellyh4@google.es,Female,"$669,032.29 ",1024273178,IT
618,Maighdiln,MacQuist,mmacquisth5@netscape.com,Female,"$854,186.57 ",526073238,PP
619,Corabel,McKelvey,cmckelveyh6@usa.gov,Female,"$225,230.97 ",951665640,PP
620,Seamus,Gallegos,sgallegosh7@weebly.com,Male,"$824,322.65 ",167541284,IT
621,Jack,Kunc,jkunch8@sun.com,Male,"$362,164.16 ",517055394,CC
622,Kippy,Libermore,klibermoreh9@bloomberg.com,Female,"$679,792.73 ",415506732,PP
623,Reid,Fitzackerley,rfitzackerleyha@live.com,Male,"$163,749.75 ",540458774,IT
624,Julee,Roby,jrobyhb@youtu.be,Female,"$814,001.98 ",557352153,CC
625,Way,Sarsfield,wsarsfieldhc@simplemachines.org,Male,"$996,156.66 ",254060719,PP
626,Hallsy,Aingell,haingellhd@elegantthemes.com,Male,"$231,287.20 ",106552981,IT
627,Garnet,Pattingson,gpattingsonhe@netscape.com,Female,"$124,994.29 ",658565953,IT
628,Christalle,Ryburn,cryburnhf@yelp.com,Female,"$312,672.69 ",765050904,IT
629,Arlan,Constable,aconstablehg@sphinn.com,Male,"$370,136.19 ",349165008,IT
630,Burt,Deval,bdevalhh@ihg.com,Male,"$416,502.41 ",1049250703,IT
631,Halley,Glazer,hglazerhi@over-blog.com,Female,"$177,618.58 ",27701585,IT
632,Saudra,Yare,syarehj@g.co,Female,"$440,774.87 ",350755375,IT
633,Delcine,Pacheco,dpachecohk@slate.com,Female,"$788,446.64 ",351191497,IT
634,Benedicto,Corr,bcorrhl@elpais.com,Male,"$432,835.00 ",521887182,CC
635,Rollins,Nouch,rnouchhm@washington.edu,Male,"$647,723.08 ",273593269,CC
636,Jacques,Growden,jgrowdenhn@google.de,Male,"$637,595.92 ",515729932,IT
637,Kingsley,Matus,kmatusho@techcrunch.com,Male,"$881,828.38 ",418078426,PP
638,Connor,Seiller,cseillerhp@globo.com,Male,"$730,590.09 ",309795097,PP
639,Joeann,Lyddiatt,jlyddiatthq@infoseek.co.jp,Female,"$825,575.80 ",132279784,IT
640,Elaine,Hambleton,ehambletonhr@redcross.org,Female,"$692,587.04 ",763632694,CC
641,Bryna,Labb,blabbhs@blinklist.com,Female,"$700,698.31 ",909186360,IT
642,Worden,Christer,wchristerht@indiatimes.com,Male,"$445,452.96 ",396314002,IT
643,Munmro,Ciobotaro,mciobotarohu@phpbb.com,Male,"$440,669.21 ",1045005413,PP
644,Doloritas,Idale,didalehv@digg.com,Female,"$850,608.00 ",968944248,CC
645,Davy,Abrahamson,dabrahamsonhw@kickstarter.com,Male,"$551,539.14 ",158092904,IT
646,Eilis,Reede,ereedehx@ucoz.ru,Female,"$604,884.34 ",850654102,CC
647,Rodie,Ramelot,rramelothy@abc.net.au,Female,"$376,040.60 ",679204513,CC
648,Doug,Cauthra,dcauthrahz@com.com,Male,"$177,013.19 ",31782770,IT
649,Angele,Pye,apyei0@sciencedirect.com,Female,"$293,711.47 ",283040592,PP
650,Christophorus,Tickner,ctickneri1@slashdot.org,Male,"$336,675.74 ",452546137,IT
651,Luigi,Reed,lreedi2@blinklist.com,Male,"$703,957.53 ",554204741,IT
652,Kirsteni,Rizzillo,krizzilloi3@bing.com,Female,"$527,624.22 ",25811343,IT
653,Domini,Cawthery,dcawtheryi4@accuweather.com,Female,"$967,536.24 ",886007807,PP
654,Adriaens,Matuszynski,amatuszynskii5@123-reg.co.uk,Female,"$782,069.81 ",58028903,PP
655,Gui,Laxe,glaxei6@php.net,Female,"$137,394.63 ",194124766,IT
656,Kata,Welfare,kwelfarei7@eventbrite.com,Female,"$408,138.22 ",910187265,CC
657,Lambert,Battany,lbattanyi8@gov.uk,Male,"$972,092.25 ",276866078,PP
658,Malia,Wadeling,mwadelingi9@behance.net,Female,"$619,740.63 ",339782606,IT
659,Roddy,Fussey,rfusseyia@flickr.com,Male,"$149,532.90 ",650761102,CC
660,Starla,Jopke,sjopkeib@netvibes.com,Female,"$758,474.31 ",265528032,IT
661,Rodger,Mellows,rmellowsic@goodreads.com,Male,"$212,496.28 ",858236135,IT
662,Pammie,Izzett,pizzettid@netvibes.com,Female,"$873,119.63 ",1048374262,PP
663,Bernita,Van den Bosch,bvandenboschie@4shared.com,Female,"$516,223.62 ",201885008,IT
664,Milli,Baszniak,mbaszniakif@tuttocitta.it,Female,"$934,097.52 ",656619073,CC
665,Sashenka,Conaboy,sconaboyig@youtube.com,Female,"$450,457.29 ",1042597884,CC
666,Danny,Parlot,dparlotih@dailymotion.com,Male,"$613,227.73 ",755750924,CC
667,Estrella,Ralls,erallsii@foxnews.com,Female,"$725,768.65 ",847763241,IT
668,Orsa,Mattiello,omattielloij@xing.com,Female,"$553,897.04 ",939129469,CC
669,Aubrey,Cavaney,acavaneyik@xinhuanet.com,Female,"$539,356.45 ",633466274,IT
670,Deanne,Yablsley,dyablsleyil@goodreads.com,Female,"$509,819.04 ",262268946,CC
671,Rinaldo,Witherington,rwitheringtonim@meetup.com,Male,"$116,328.22 ",938589926,CC
672,Joe,Augur,jaugurin@yellowbook.com,Male,"$376,630.20 ",678245203,CC
673,Phedra,Biddles,pbiddlesio@oracle.com,Female,"$131,604.34 ",618602073,PP
674,Wallis,Lello,wlelloip@histats.com,Male,"$658,240.01 ",475933041,CC
675,Rosemonde,Abrahami,rabrahamiiq@usnews.com,Female,"$440,583.39 ",339064676,CC
676,Gerty,Galvin,ggalvinir@pbs.org,Female,"$931,640.48 ",44578281,PP
677,Maxi,Erangy,merangyis@photobucket.com,Female,"$881,207.65 ",818093526,PP
678,Norrie,Presnell,npresnellit@ihg.com,Female,"$749,377.97 ",491533182,PP
679,Kathye,Roderighi,kroderighiiu@scientificamerican.com,Female,"$377,895.84 ",139672767,CC
680,Goddard,Allanson,gallansoniv@slate.com,Male,"$956,089.24 ",349758576,CC
681,Jude,Van Oord,jvanoordiw@bing.com,Male,"$332,102.35 ",716833889,CC
682,Teador,Lumly,tlumlyix@yahoo.co.jp,Male,"$942,743.72 ",396498041,CC
683,Woodrow,McAndie,wmcandieiy@mapy.cz,Male,"$743,514.35 ",590234061,PP
684,Ban,Ornelas,bornelasiz@google.it,Male,"$412,773.52 ",391135440,IT
685,Valli,Di Boldi,vdiboldij0@wisc.edu,Female,"$514,244.60 ",419587147,PP
686,Letty,Starrs,lstarrsj1@privacy.gov.au,Female,"$107,716.22 ",256006456,IT
687,Cynthea,Cray,ccrayj2@wired.com,Female,"$210,727.31 ",670991278,PP
688,Catherin,Scobie,cscobiej3@narod.ru,Female,"$650,659.86 ",927033710,IT
689,Edyth,Bousfield,ebousfieldj4@salon.com,Female,"$431,933.69 ",419466077,CC
690,Bekki,Livezey,blivezeyj5@ehow.com,Female,"$733,052.09 ",755639968,IT
691,Hillary,Blague,hblaguej6@mlb.com,Male,"$817,317.20 ",27745649,PP
692,Grayce,Brannan,gbrannanj7@godaddy.com,Female,"$962,663.75 ",11063659,IT
693,Tannie,Shuttle,tshuttlej8@bluehost.com,Male,"$897,239.71 ",145425356,PP
694,Iseabal,Della,idellaj9@vk.com,Female,"$814,309.71 ",450428781,CC
695,Hetti,Lorincz,hlorinczja@apple.com,Female,"$288,360.96 ",625133327,CC
696,Mendel,Moden,mmodenjb@feedburner.com,Male,"$578,014.04 ",215380954,CC
697,Patricia,Dionisi,pdionisijc@forbes.com,Female,"$101,415.76 ",963199976,CC
698,Aksel,Hagyard,ahagyardjd@howstuffworks.com,Male,"$828,666.02 ",611395650,IT
699,Filberto,Nickoll,fnickollje@cdc.gov,Male,"$950,013.69 ",567696029,PP
700,Fay,Palk,fpalkjf@163.com,Female,"$606,125.32 ",475558580,IT
701,Alice,Richings,arichingsjg@umich.edu,Female,"$652,146.73 ",254875318,PP
702,Eddie,Klamman,eklammanjh@reuters.com,Female,"$408,301.24 ",226739636,IT
703,Elfreda,Paoli,epaoliji@list-manage.com,Female,"$397,172.80 ",164572888,IT
704,Fawnia,Tainton,ftaintonjj@elpais.com,Female,"$330,972.05 ",691241474,PP
705,Ethan,Beaney,ebeaneyjk@macromedia.com,Male,"$830,703.60 ",603855391,CC
706,Cindee,Gaywood,cgaywoodjl@dmoz.org,Female,"$224,831.89 ",735175235,CC
707,Boycey,Puttnam,bputtnamjm@cyberchimps.com,Male,"$897,650.25 ",74264832,CC
708,Dani,Fancourt,dfancourtjn@discovery.com,Female,"$137,858.75 ",256895487,CC
709,Colene,Harpur,charpurjo@wikia.com,Female,"$417,507.02 ",28178648,CC
710,Krissie,Maylour,kmaylourjp@bing.com,Female,"$370,424.29 ",439408179,CC
711,Viole,Edelheid,vedelheidjq@ibm.com,Female,"$909,353.08 ",794032459,IT
712,Hirsch,Shaxby,hshaxbyjr@buzzfeed.com,Male,"$337,093.07 ",272583023,CC
713,Anissa,McIver,amciverjs@bizjournals.com,Female,"$301,161.01 ",1033544712,IT
714,Palm,Saggs,psaggsjt@apache.org,Male,"$744,575.36 ",326565398,PP
715,Stinky,Dilleway,sdillewayju@indiatimes.com,Male,"$315,046.87 ",883805091,IT
716,Marleah,Klagges,mklaggesjv@macromedia.com,Female,"$226,430.69 ",201030517,IT
717,Thorin,Rous,trousjw@hexun.com,Male,"$158,203.51 ",1025598295,PP
718,Benedikt,Wederell,bwederelljx@unblog.fr,Male,"$891,317.56 ",282333556,PP
719,Ky,Kneath,kkneathjy@google.com.au,Male,"$774,273.10 ",918204939,IT
720,Dacia,Blabie,dblabiejz@goo.gl,Female,"$896,032.35 ",361393791,PP
721,Guglielmo,Allbut,gallbutk0@google.fr,Male,"$585,578.82 ",924506129,IT
722,Skelly,Davitt,sdavittk1@businessinsider.com,Male,"$378,641.26 ",502675808,IT
723,Marjorie,Peachey,mpeacheyk2@spiegel.de,Female,"$394,981.10 ",728907813,PP
724,Tedra,Mewitt,tmewittk3@independent.co.uk,Female,"$236,527.42 ",856428541,PP
725,Tana,Abbe,tabbek4@symantec.com,Female,"$502,109.69 ",588421338,PP
726,Dalis,Allchorn,dallchornk5@dot.gov,Male,"$597,699.58 ",899858776,IT
727,Leeanne,McUre,lmcurek6@360.cn,Female,"$356,223.04 ",625660511,IT
728,Althea,Emptage,aemptagek7@nasa.gov,Female,"$670,130.56 ",785055427,PP
729,Hilly,Jeanneau,hjeanneauk8@cpanel.net,Male,"$781,929.82 ",716582089,PP
730,Mack,Gosnall,mgosnallk9@sina.com.cn,Male,"$257,656.81 ",829011765,CC
731,Randa,Coling,rcolingka@nbcnews.com,Female,"$400,105.91 ",921152044,CC
732,Gusty,Huws,ghuwskb@cloudflare.com,Female,"$869,819.65 ",453877984,CC
733,Milena,Balnaves,mbalnaveskc@friendfeed.com,Female,"$581,250.76 ",158714195,CC
734,Julianne,Gravie,jgraviekd@bbc.co.uk,Female,"$883,639.76 ",87444789,IT
735,Yancy,Sutcliffe,ysutcliffeke@usda.gov,Male,"$665,768.77 ",129722087,IT
736,Sari,Conerding,sconerdingkf@amazon.com,Female,"$274,731.06 ",485321731,CC
737,Helyn,Malkinson,hmalkinsonkg@ed.gov,Female,"$346,312.59 ",514627896,IT
738,Robb,Halewood,rhalewoodkh@foxnews.com,Male,"$392,705.38 ",469273464,PP
739,Aida,Dennehy,adennehyki@craigslist.org,Female,"$962,833.90 ",275349571,CC
740,Tomkin,Russon,trussonkj@huffingtonpost.com,Male,"$838,593.46 ",596698128,IT
741,Adrien,de la Valette Parisot,adelavaletteparisotkk@shareasale.com,Male,"$634,512.17 ",1009106208,PP
742,Vallie,Blower,vblowerkl@constantcontact.com,Female,"$503,137.50 ",411140109,CC
743,Zak,Huddy,zhuddykm@flavors.me,Male,"$856,783.75 ",259341088,CC
744,Ingeborg,Portwain,iportwainkn@mlb.com,Female,"$520,969.91 ",762260348,IT
745,Janna,Service,jserviceko@51.la,Female,"$259,259.49 ",766846757,PP
746,Abbi,Sealey,asealeykp@apache.org,Female,"$268,917.22 ",352088525,PP
747,Chrissie,Bartoszinski,cbartoszinskikq@ftc.gov,Male,"$878,908.52 ",510032578,CC
748,Wilow,Ainslee,wainsleekr@ucoz.com,Female,"$219,022.97 ",86782952,IT
749,Lauren,Eckley,leckleyks@histats.com,Male,"$168,180.03 ",682173987,IT
750,Viole,Costell,vcostellkt@exblog.jp,Female,"$299,539.73 ",440598524,CC
751,Talbert,Canaan,tcanaanku@mysql.com,Male,"$636,912.19 ",184932527,IT
752,Bellanca,Moukes,bmoukeskv@goodreads.com,Female,"$978,753.85 ",591888241,CC
753,Brew,Gunston,bgunstonkw@foxnews.com,Male,"$983,170.62 ",484194698,PP
754,Merrick,Poundsford,mpoundsfordkx@merriam-webster.com,Male,"$875,564.07 ",169736522,PP
755,Darbee,Wayvill,dwayvillky@redcross.org,Male,"$966,803.84 ",28829518,PP
756,Valerye,Hartopp,vhartoppkz@phoca.cz,Female,"$911,439.88 ",571309267,CC
757,Andreana,Valens-Smith,avalenssmithl0@tmall.com,Female,"$998,062.98 ",698961532,CC
758,Craig,Gonin,cgoninl1@marketwatch.com,Male,"$771,715.70 ",591612297,IT
759,Carey,Blown,cblownl2@chron.com,Male,"$720,951.29 ",209808161,IT
760,Clarance,Easterby,ceasterbyl3@godaddy.com,Male,"$560,801.31 ",491685135,PP
761,Bing,Raphael,braphaell4@cbc.ca,Male,"$441,639.54 ",980214811,CC
762,Thayne,Bostick,tbostickl5@blogtalkradio.com,Male,"$410,558.08 ",902640182,IT
763,Charisse,Gillebride,cgillebridel6@sciencedaily.com,Female,"$282,121.34 ",454582414,IT
764,Anabel,Karpman,akarpmanl7@aboutads.info,Female,"$486,752.73 ",903171547,IT
765,Obie,Caldroni,ocaldronil8@slideshare.net,Male,"$466,749.37 ",481741712,CC
766,Mal,Ansteys,mansteysl9@microsoft.com,Male,"$726,878.57 ",574785453,PP
767,Gill,Double,gdoublela@comcast.net,Male,"$597,044.98 ",571332942,PP
768,Cordie,Hannan,channanlb@nydailynews.com,Female,"$561,322.89 ",367870289,CC
769,Shea,Pollack,spollacklc@hp.com,Male,"$620,115.35 ",793224132,PP
770,Orton,Vossgen,ovossgenld@dagondesign.com,Male,"$745,135.09 ",93903395,CC
771,Nicola,Mathias,nmathiasle@dion.ne.jp,Male,"$562,188.23 ",375351094,IT
772,Erhart,Nettle,enettlelf@timesonline.co.uk,Male,"$895,645.12 ",712115723,PP
773,Warner,Chin,wchinlg@themeforest.net,Male,"$194,276.33 ",283556914,PP
774,Billie,Marioneau,bmarioneaulh@slideshare.net,Female,"$485,378.91 ",235481177,IT
775,Torin,Riveles,trivelesli@yale.edu,Male,"$755,571.73 ",232703582,IT
776,Hildegarde,Heber,hheberlj@g.co,Female,"$398,581.28 ",913377136,CC
777,Heddi,Fearn,hfearnlk@bandcamp.com,Female,"$957,947.35 ",1042093299,PP
778,Catina,Olivella,colivellall@shop-pro.jp,Female,"$949,145.09 ",123984013,IT
779,Vicki,O'Heaney,voheaneylm@smugmug.com,Female,"$397,855.12 ",835910211,IT
780,Rockie,Taudevin,rtaudevinln@google.co.uk,Male,"$506,751.45 ",786127253,CC
781,Anthiathia,Magister,amagisterlo@about.com,Female,"$247,315.71 ",179686339,IT
782,Michaela,Pretswell,mpretswelllp@admin.ch,Female,"$674,188.67 ",655043697,IT
783,Trudie,Temporal,ttemporallq@hhs.gov,Female,"$710,555.23 ",214158115,PP
784,Myrilla,Wadeling,mwadelinglr@acquirethisname.com,Female,"$107,516.36 ",221439511,IT
785,Amargo,Eldin,aeldinls@answers.com,Female,"$460,678.65 ",456460276,PP
786,Charles,Harrema,charremalt@miibeian.gov.cn,Male,"$612,614.67 ",401501679,IT
787,Erma,Dockree,edockreelu@intel.com,Female,"$354,690.07 ",210455031,CC
788,Yolanthe,Wolfendale,ywolfendalelv@xing.com,Female,"$194,288.20 ",38451055,IT
789,Dannie,Drane,ddranelw@dion.ne.jp,Male,"$813,925.68 ",19971076,PP
790,Dyna,Maine,dmainelx@is.gd,Female,"$969,172.28 ",390744503,PP
791,Alexis,Brookwell,abrookwellly@zdnet.com,Male,"$492,201.98 ",277281620,IT
792,Shandy,Medwell,smedwelllz@techcrunch.com,Female,"$767,429.33 ",899064189,CC
793,Lizette,Sellens,lsellensm0@hatena.ne.jp,Female,"$267,635.19 ",463854546,PP
794,Theodoric,Chalice,tchalicem1@so-net.ne.jp,Male,"$719,450.26 ",8029077,IT
795,Amaleta,Cottham,acotthamm2@phpbb.com,Female,"$954,561.51 ",131277215,IT
796,Rae,Bispo,rbispom3@angelfire.com,Female,"$671,615.70 ",275356557,CC
797,Malorie,Carress,mcarressm4@pinterest.com,Female,"$250,829.52 ",53426341,PP
798,Estell,Edon,eedonm5@europa.eu,Female,"$991,625.68 ",729864023,PP
799,Wylie,Marston,wmarstonm6@forbes.com,Male,"$429,522.23 ",787384099,IT
800,Rozanna,Bayford,rbayfordm7@gizmodo.com,Female,"$449,511.27 ",335197126,PP
801,Vally,Dawltrey,vdawltreym8@unc.edu,Female,"$584,351.55 ",504971890,PP
802,Olivier,Ollis,oollism9@shutterfly.com,Male,"$214,055.48 ",317195790,IT
803,Blake,Bentson,bbentsonma@google.co.jp,Male,"$172,916.18 ",562277902,CC
804,Fidole,Humphrys,fhumphrysmb@domainmarket.com,Male,"$852,189.65 ",589269079,IT
805,Thane,Landsman,tlandsmanmc@google.com,Male,"$215,943.85 ",1044586041,IT
806,Carr,Cejka,ccejkamd@google.com.br,Male,"$185,173.84 ",396685330,PP
807,Natividad,Marlin,nmarlinme@ning.com,Female,"$521,274.23 ",571993217,IT
808,Chickie,Puve,cpuvemf@trellian.com,Female,"$961,335.80 ",423320029,PP
809,Farrah,Zipsell,fzipsellmg@ezinearticles.com,Female,"$538,534.39 ",298555597,IT
810,Caro,Anstey,cansteymh@berkeley.edu,Female,"$574,254.39 ",649110639,CC
811,Mela,Bampkin,mbampkinmi@acquirethisname.com,Female,"$473,702.01 ",138398602,CC
812,Valry,Pulteneye,vpulteneyemj@dailymail.co.uk,Female,"$858,714.34 ",82107203,IT
813,Darelle,Siflet,dsifletmk@spiegel.de,Female,"$123,435.51 ",248697927,IT
814,Sherlock,O'Hederscoll,sohederscollml@europa.eu,Male,"$880,402.93 ",854684472,IT
815,Fae,Stienham,fstienhammm@google.co.jp,Female,"$203,113.26 ",919112673,CC
816,Elli,Tuft,etuftmn@msn.com,Female,"$575,056.82 ",38164063,PP
817,Mina,Myatt,mmyattmo@nps.gov,Female,"$613,179.78 ",827019162,CC
818,Briana,Bartaletti,bbartalettimp@japanpost.jp,Female,"$652,003.76 ",107073526,PP
819,Tallie,Benny,tbennymq@hhs.gov,Male,"$686,893.84 ",934728892,PP
820,Rakel,Crosfield,rcrosfieldmr@deviantart.com,Female,"$665,104.87 ",252572419,PP
821,Corrine,Abrahmson,cabrahmsonms@rediff.com,Female,"$186,887.59 ",140431127,IT
822,Janeczka,Strongitharm,jstrongitharmmt@blogtalkradio.com,Female,"$971,435.00 ",302811338,PP
823,Dell,Kinner,dkinnermu@goo.ne.jp,Male,"$892,653.95 ",169471077,IT
824,Correy,Espley,cespleymv@seesaa.net,Male,"$247,351.92 ",799695928,PP
825,Werner,Harland,wharlandmw@lycos.com,Male,"$558,769.17 ",702674095,PP
826,Silas,Yurkevich,syurkevichmx@sun.com,Male,"$834,874.81 ",366363985,IT
827,Faunie,Paulisch,fpaulischmy@google.de,Female,"$509,441.03 ",561875421,CC
828,Preston,Benko,pbenkomz@dailymotion.com,Male,"$326,959.35 ",218678162,IT
829,Schuyler,Leaver,sleavern0@howstuffworks.com,Male,"$489,040.50 ",686305796,CC
830,Rachel,Swiffin,rswiffinn1@hatena.ne.jp,Female,"$445,670.64 ",716097513,PP
831,Rozanna,Bosch,rboschn2@cafepress.com,Female,"$701,206.51 ",1036761404,IT
832,Dewie,Caudrelier,dcaudreliern3@prnewswire.com,Male,"$551,489.43 ",468817401,IT
833,Lorry,Cleef,lcleefn4@zdnet.com,Female,"$438,631.44 ",1018757914,PP
834,Morse,Tume,mtumen5@behance.net,Male,"$472,581.99 ",521481923,IT
835,Tova,Dowsey,tdowseyn6@comsenz.com,Female,"$549,146.22 ",111929373,PP
836,Eli,Higford,ehigfordn7@economist.com,Male,"$781,513.73 ",383548874,IT
837,Pearla,Rains,prainsn8@fotki.com,Female,"$350,554.12 ",945011767,CC
838,Pollyanna,Manjin,pmanjinn9@mapquest.com,Female,"$250,146.76 ",120256867,IT
839,Baldwin,Izachik,bizachikna@friendfeed.com,Male,"$737,277.96 ",119536832,PP
840,Erminia,Syvret,esyvretnb@samsung.com,Female,"$275,509.13 ",551775099,IT
841,Tonya,Shireff,tshireffnc@timesonline.co.uk,Female,"$441,881.00 ",1034371240,PP
842,Ferdinand,Creese,fcreesend@studiopress.com,Male,"$773,920.39 ",448953185,IT
843,Stormie,Takkos,stakkosne@opera.com,Female,"$331,093.93 ",318766310,CC
844,Elly,Halso,ehalsonf@hugedomains.com,Female,"$836,799.94 ",288350259,IT
845,Dwain,Jacquemy,djacquemyng@wufoo.com,Male,"$917,509.30 ",196282444,CC
846,Jerrylee,Thain,jthainnh@over-blog.com,Female,"$280,007.62 ",365547673,CC
847,Alphard,Iwanicki,aiwanickini@psu.edu,Male,"$771,215.53 ",395654246,PP
848,Franny,Bruins,fbruinsnj@uiuc.edu,Male,"$832,735.72 ",661558480,CC
849,Liv,Ruddlesden,lruddlesdennk@ustream.tv,Female,"$196,638.35 ",736986471,CC
850,Goraud,Boorer,gboorernl@lulu.com,Male,"$504,889.09 ",198169659,IT
851,Chiarra,Sirmond,csirmondnm@cam.ac.uk,Female,"$242,905.16 ",572204852,IT
852,Libbey,Greest,lgreestnn@simplemachines.org,Female,"$205,105.67 ",467132383,CC
853,Gardiner,Heersema,gheersemano@forbes.com,Male,"$171,382.17 ",883632670,IT
854,Percival,Carlick,pcarlicknp@wiley.com,Male,"$773,241.68 ",376506487,CC
855,Gilemette,Standell,gstandellnq@google.ca,Female,"$153,809.76 ",990752994,IT
856,Garwood,Skaife,gskaifenr@storify.com,Male,"$741,485.62 ",65573534,IT
857,Liliane,Warren,lwarrenns@salon.com,Female,"$495,718.84 ",519660450,CC
858,Rachael,Willwood,rwillwoodnt@nbcnews.com,Female,"$464,047.44 ",700818328,CC
859,Virgina,Blasgen,vblasgennu@cpanel.net,Female,"$753,024.42 ",742680220,CC
860,Taddeusz,Bedow,tbedownv@archive.org,Male,"$551,364.58 ",141978837,PP
861,Almeda,Cookman,acookmannw@nasa.gov,Female,"$446,582.73 ",566192433,IT
862,Matthias,Billson,mbillsonnx@unicef.org,Male,"$635,563.08 ",886368668,PP
863,Trueman,Marrion,tmarrionny@nationalgeographic.com,Male,"$920,642.79 ",11894876,PP
864,Bobette,Bouette,bbouettenz@wsj.com,Female,"$177,187.63 ",745288677,IT
865,Alvina,Cheng,achengo0@jigsy.com,Female,"$207,593.94 ",225132143,PP
866,Cybill,Bemwell,cbemwello1@noaa.gov,Female,"$329,717.19 ",519935651,CC
867,Horatio,Bennellick,hbennellicko2@photobucket.com,Male,"$146,986.89 ",446544838,IT
868,Marten,Elcoate,melcoateo3@photobucket.com,Male,"$945,563.24 ",942103103,CC
869,Thibaut,Sterry,tsterryo4@ebay.com,Male,"$664,702.07 ",681683120,CC
870,Hugibert,Spofforth,hspoffortho5@trellian.com,Male,"$610,839.10 ",498802760,IT
871,Dorey,Sketcher,dsketchero6@ftc.gov,Female,"$605,965.38 ",455786973,PP
872,Lorita,Josse,ljosseo7@com.com,Female,"$330,942.24 ",992577206,IT
873,Read,Atteridge,ratteridgeo8@google.es,Male,"$234,307.61 ",85656432,PP
874,Ulrica,Axelbee,uaxelbeeo9@multiply.com,Female,"$651,193.29 ",482931418,IT
875,Idell,Storkes,istorkesoa@ycombinator.com,Female,"$228,155.38 ",211985654,PP
876,Thadeus,Krysiak,tkrysiakob@wix.com,Male,"$448,502.46 ",668594538,IT
877,Parsifal,Brammer,pbrammeroc@earthlink.net,Male,"$167,568.52 ",753304293,CC
878,Torie,Biglin,tbiglinod@youku.com,Female,"$665,455.90 ",703014172,PP
879,Alvie,Andrusyak,aandrusyakoe@studiopress.com,Male,"$814,110.01 ",313857015,CC
880,Benedict,Langelaan,blangelaanof@mozilla.org,Male,"$585,278.30 ",551284182,PP
881,Guy,Agnolo,gagnoloog@w3.org,Male,"$479,073.57 ",313550617,CC
882,Giacinta,Hubbold,ghubboldoh@multiply.com,Female,"$831,087.58 ",861870925,CC
883,Thorn,Praten,tpratenoi@about.me,Male,"$120,356.13 ",84872446,CC
884,Chrissie,Dowker,cdowkeroj@google.es,Male,"$723,576.16 ",154349789,PP
885,Heriberto,Vecard,hvecardok@altervista.org,Male,"$673,692.83 ",758211276,PP
886,Elyn,Fay,efayol@engadget.com,Female,"$591,947.05 ",421947398,PP
887,Veriee,Holsey,vholseyom@feedburner.com,Female,"$539,319.25 ",688180481,PP
888,Deny,Klossmann,dklossmannon@hostgator.com,Female,"$818,846.86 ",26601742,IT
889,Rafaelia,Heathcoat,rheathcoatoo@latimes.com,Female,"$163,888.85 ",95481163,CC
890,Hertha,Nannoni,hnannoniop@cdbaby.com,Female,"$384,102.92 ",536366875,CC
891,Amabel,Belderfield,abelderfieldoq@yellowpages.com,Female,"$920,646.34 ",825846150,IT
892,Johan,Japp,jjappor@reddit.com,Male,"$266,463.64 ",369739071,PP
893,Rosalia,Hebbard,rhebbardos@youtube.com,Female,"$207,145.90 ",439152679,IT
894,Percival,Winwright,pwinwrightot@hugedomains.com,Male,"$860,327.12 ",479245372,CC
895,Othelia,Waumsley,owaumsleyou@toplist.cz,Female,"$451,082.69 ",446400051,PP
896,Heddi,Pavlitschek,hpavlitschekov@ow.ly,Female,"$868,588.13 ",999706048,PP
897,Laney,Barnham,lbarnhamow@mail.ru,Female,"$593,222.44 ",288655288,CC
898,Dorothee,Wyatt,dwyattox@diigo.com,Female,"$772,945.05 ",709684826,PP
899,Husein,Shapcote,hshapcoteoy@pinterest.com,Male,"$891,531.61 ",437144520,PP
900,Emanuel,Yankeev,eyankeevoz@so-net.ne.jp,Male,"$947,461.50 ",583519440,PP
901,Francesco,Fuente,ffuentep0@yahoo.com,Male,"$428,381.43 ",695493558,CC
902,Chevy,Herche,cherchep1@domainmarket.com,Male,"$381,393.96 ",355925754,IT
903,Kris,Toyer,ktoyerp2@epa.gov,Female,"$236,761.61 ",918811607,IT
904,Marcellina,Gerrets,mgerretsp3@archive.org,Female,"$784,214.75 ",946592388,PP
905,Robinson,Eseler,reselerp4@irs.gov,Male,"$461,146.24 ",631130480,PP
906,Huntlee,Miller,hmillerp5@delicious.com,Male,"$674,673.91 ",827526866,PP
907,Harris,Redmile,hredmilep6@themeforest.net,Male,"$936,510.26 ",101255143,IT
908,Fleur,Levet,flevetp7@ifeng.com,Female,"$145,500.87 ",229655165,IT
909,Claudio,Gaskamp,cgaskampp8@weather.com,Male,"$883,586.28 ",798119900,CC
910,Chloris,Musso,cmussop9@hao123.com,Female,"$457,830.24 ",383237375,PP
911,Seymour,Rhodes,srhodespa@timesonline.co.uk,Male,"$419,812.05 ",516934700,IT
912,Jacqueline,Aggett,jaggettpb@bigcartel.com,Female,"$458,999.82 ",842028872,IT
913,Dickie,Vouls,dvoulspc@fotki.com,Male,"$655,700.59 ",580069277,PP
914,Marylynne,Dinis,mdinispd@vk.com,Female,"$146,389.54 ",996473313,CC
915,Bobinette,Smaling,bsmalingpe@godaddy.com,Female,"$695,126.19 ",847755523,PP
916,Lyon,Rann,lrannpf@furl.net,Male,"$280,889.91 ",21263313,CC
917,Francyne,Scotchmore,fscotchmorepg@jimdo.com,Female,"$317,323.14 ",913874502,IT
918,Rasla,Coldrick,rcoldrickph@ow.ly,Female,"$275,019.51 ",38000952,CC
919,Evered,Beasleigh,ebeasleighpi@illinois.edu,Male,"$535,720.65 ",510609630,IT
920,Emlyn,Greenstreet,egreenstreetpj@cafepress.com,Female,"$138,341.53 ",314562247,PP
921,Ferdy,McLemon,fmclemonpk@ted.com,Male,"$186,786.65 ",937200280,PP
922,Gerhardine,Peron,gperonpl@mapquest.com,Female,"$287,635.45 ",1041529475,PP
923,Druci,Mumford,dmumfordpm@themeforest.net,Female,"$811,622.80 ",454593977,IT
924,Charlie,Tine,ctinepn@sourceforge.net,Male,"$404,795.26 ",268081950,IT
925,Arlen,Wrightim,awrightimpo@dell.com,Male,"$874,427.99 ",330371891,CC
926,Reba,Cordeau,rcordeaupp@webmd.com,Female,"$156,149.47 ",556539711,IT
927,Dot,Blondell,dblondellpq@mac.com,Female,"$532,591.56 ",952001640,IT
928,Randi,Goodlatt,rgoodlattpr@nyu.edu,Male,"$515,588.37 ",344167658,IT
929,Cheryl,McLeary,cmclearyps@dagondesign.com,Female,"$651,697.87 ",924493482,CC
930,Janet,Canner,jcannerpt@arizona.edu,Female,"$280,789.29 ",175538631,IT
931,Alaric,Greenlies,agreenliespu@hp.com,Male,"$136,880.92 ",619162152,IT
932,Midge,Nast,mnastpv@usda.gov,Female,"$618,994.80 ",161247937,IT
933,Phedra,Chesterton,pchestertonpw@cpanel.net,Female,"$859,903.46 ",251524569,CC
934,Minny,Allcott,mallcottpx@jiathis.com,Female,"$961,754.77 ",240573161,CC
935,Gaby,Staniland,gstanilandpy@yolasite.com,Male,"$103,165.40 ",379740701,PP
936,Mavis,Cardew,mcardewpz@dot.gov,Female,"$618,739.18 ",853861111,CC
937,Chevy,Gowans,cgowansq0@dot.gov,Male,"$168,795.64 ",107822314,PP
938,Maxie,Banford,mbanfordq1@hubpages.com,Female,"$526,659.62 ",92061145,IT
939,Farr,Kingsman,fkingsmanq2@google.com.hk,Male,"$532,549.54 ",423393374,IT
940,Duncan,Carlan,dcarlanq3@xinhuanet.com,Male,"$995,603.61 ",526649416,PP
941,Blaine,Di Napoli,bdinapoliq4@etsy.com,Male,"$586,325.20 ",17542974,PP
942,Alleyn,Minerdo,aminerdoq5@eepurl.com,Male,"$365,488.23 ",461261363,IT
943,Noak,Acheson,nachesonq6@spiegel.de,Male,"$677,180.74 ",687210414,IT
944,Humfried,Okenden,hokendenq7@blogtalkradio.com,Male,"$854,147.79 ",804293567,IT
945,Farly,Crackett,fcrackettq8@marketwatch.com,Male,"$437,043.80 ",510747548,PP
946,Vale,Betterton,vbettertonq9@yolasite.com,Male,"$272,053.61 ",977963807,IT
947,Merrill,Shreve,mshreveqa@cam.ac.uk,Female,"$633,284.00 ",938102919,IT
948,Ruddie,Gymlett,rgymlettqb@icq.com,Male,"$493,046.10 ",856877930,IT
949,Rhetta,Franies,rfraniesqc@vinaora.com,Female,"$781,013.91 ",105271018,IT
950,Andrea,Youens,ayouensqd@scientificamerican.com,Male,"$780,475.98 ",314801385,CC
951,Ivett,Currer,icurrerqe@squarespace.com,Female,"$537,237.53 ",680433179,CC
952,Freida,Trice,ftriceqf@sfgate.com,Female,"$305,519.29 ",974786673,CC
953,Ashlin,Feye,afeyeqg@booking.com,Male,"$906,927.43 ",148928209,PP
954,Babette,Hick,bhickqh@storify.com,Female,"$366,200.86 ",5612691,CC
955,Tracy,Kahn,tkahnqi@abc.net.au,Male,"$328,837.55 ",826253997,IT
956,Walt,Wardington,wwardingtonqj@uiuc.edu,Male,"$462,674.22 ",1036300693,PP
957,Nobie,Consterdine,nconsterdineqk@ocn.ne.jp,Male,"$317,248.47 ",368751230,IT
958,Meaghan,Peggram,mpeggramql@mayoclinic.com,Female,"$143,052.05 ",542581577,CC
959,Ric,Carncross,rcarncrossqm@angelfire.com,Male,"$702,005.32 ",184266586,CC
960,Kain,Chestle,kchestleqn@free.fr,Male,"$810,069.23 ",196385683,IT
961,Xerxes,Gummary,xgummaryqo@photobucket.com,Male,"$215,804.18 ",645544980,IT
962,Cicily,Brundrett,cbrundrettqp@theglobeandmail.com,Female,"$136,103.28 ",370064570,IT
963,Adrianne,Halston,ahalstonqq@hatena.ne.jp,Female,"$178,248.70 ",5368761,CC
964,Hurley,Maginot,hmaginotqr@cnn.com,Male,"$989,959.26 ",1031819004,IT
965,Lidia,Gladdor,lgladdorqs@jimdo.com,Female,"$708,953.92 ",263705665,CC
966,Isador,Fielder,ifielderqt@biglobe.ne.jp,Male,"$488,719.94 ",727908088,IT
967,Isaak,Fitzsimons,ifitzsimonsqu@apple.com,Male,"$161,868.99 ",633979063,PP
968,Dorise,Kingdom,dkingdomqv@home.pl,Female,"$663,039.97 ",500659399,IT
969,Ariella,Luckie,aluckieqw@ovh.net,Female,"$314,151.20 ",175139333,PP
970,Danni,Lindroos,dlindroosqx@tumblr.com,Female,"$780,167.62 ",776448976,CC
971,Franny,Robins,frobinsqy@cyberchimps.com,Female,"$712,105.11 ",697835270,CC
972,Marj,Piddington,mpiddingtonqz@hp.com,Female,"$615,103.82 ",744591122,CC
973,Lynda,Dewitt,ldewittr0@photobucket.com,Female,"$972,027.80 ",161359885,PP
974,Herve,Phillot,hphillotr1@psu.edu,Male,"$122,926.82 ",116770047,PP
975,Lester,Medlin,lmedlinr2@icq.com,Male,"$864,411.85 ",536933511,IT
976,Cleo,Jesteco,cjestecor3@shinystat.com,Female,"$947,613.33 ",328786677,IT
977,Graeme,Hinchshaw,ghinchshawr4@unblog.fr,Male,"$246,173.37 ",938294849,PP
978,Emmalee,Theunissen,etheunissenr5@webs.com,Female,"$344,006.62 ",207443005,CC
979,Arnaldo,Danielsohn,adanielsohnr6@parallels.com,Male,"$466,024.62 ",515821315,PP
980,Emmie,Rawdales,erawdalesr7@blogspot.com,Female,"$385,073.63 ",52455257,PP
981,Sergio,Betham,sbethamr8@wp.com,Male,"$516,637.77 ",464686589,IT
982,Peyton,Harkins,pharkinsr9@mysql.com,Male,"$529,655.98 ",956522984,IT
983,Hayyim,Twigger,htwiggerra@tiny.cc,Male,"$348,798.99 ",612289496,PP
984,Candace,Sagar,csagarrb@yahoo.com,Female,"$406,913.59 ",362981970,PP
985,Anna,Krale,akralerc@squarespace.com,Female,"$379,971.77 ",975859059,PP
986,Pier,O'Farris,pofarrisrd@hubpages.com,Female,"$911,079.91 ",164546133,CC
987,Sherie,While,swhilere@mac.com,Female,"$157,323.91 ",141773732,IT
988,Randene,Halso,rhalsorf@wunderground.com,Female,"$991,421.59 ",436445206,CC
989,Flem,Giriardelli,fgiriardellirg@uiuc.edu,Male,"$383,150.03 ",516921656,IT
990,Solomon,Whinray,swhinrayrh@tinyurl.com,Male,"$258,207.92 ",960954439,IT
991,Ignacio,Farebrother,ifarebrotherri@craigslist.org,Male,"$627,939.41 ",225793873,PP
992,Georgena,Kynge,gkyngerj@pbs.org,Female,"$216,601.69 ",568452275,IT
993,Brett,Petters,bpettersrk@state.gov,Female,"$187,612.46 ",245435534,PP
994,Udall,Revell,urevellrl@csmonitor.com,Male,"$409,353.44 ",542474123,CC
995,Julianna,Hebdon,jhebdonrm@slideshare.net,Female,"$554,526.55 ",762466389,PP
996,Corabelle,Inger,cingerrn@feedburner.com,Female,"$941,609.02 ",1012320432,CC
997,Marlin,Terbruggen,mterbruggenro@ycombinator.com,Male,"$323,449.54 ",341301956,IT
998,Garrett,Pleasance,gpleasancerp@issuu.com,Male,"$644,071.10 ",828216055,IT
999,Maible,MacAnelley,mmacanelleyrq@surveymonkey.com,Female,"$351,475.49 ",431179297,IT
1000,Arch,Knightsbridge,aknightsbridgerr@who.int,Male,"$712,642.67 ",809361061,CC
